arc_id,website_name
a01bb46b-1a35-483d-8fb6-3d4fcb7c3f9a,mwnbrasil
a02a6e93-bfc1-4163-b9e7-a3a71a3c15dc,mwnbrasil
a241acf1-563c-41ca-b2f0-56c17c491c8b,mwnbrasil
a249c942-b7f0-49b2-a8cb-9c1b416f83e5,mwnbrasil
a2b27a9b-31ba-40d8-bbc1-f4b0ea938e0c,mwnbrasil
a319ec54-04e3-471f-a46a-1cc941df20fe,mwnbrasil
a34bbc23-1b1d-4e1f-b2ac-530eaf3a9a0a,mwnbrasil
a617ce3b-3e59-4c8e-b596-7f8250f53181,mwnbrasil
a6bf967b-41aa-458e-9a95-b56df21829c3,mwnbrasil
f328b0a8-e138-40c8-b9f6-053d533b9b46,mwnbrasil
e8933337-233e-41d9-b14e-f9b3834260a4,mwnbrasil
f92117e1-61eb-41fd-ad95-b302f012d5ba,mwnbrasil
fa2b4e2b-394a-4b82-addb-7fa42567f0f6,mwnbrasil
fa78fd82-cfd6-458c-a7c9-76981462bb4e,mwnbrasil
f8290ae7-715f-4f46-9043-e1dcb6e98ed0,mwnbrasil
f86d395f-2b84-4d9d-a67a-ac090b4c4362,mwnbrasil
fda8a65a-b708-443b-ad3a-4f620d5fc48b,mwnbrasil
fe003410-1d4f-4cc4-ba7e-0e1c53840501,mwnbrasil
feb6c070-5595-4a0b-b1c5-89d5bc25d3f1,mwnbrasil
febb3865-4e29-471e-bdb1-9739929d2d1f,mwnbrasil
f5d57b78-7c7b-46aa-8f08-ab926f5748b3,mwnbrasil
f623a1ca-cfa9-42f9-906b-a0c56bdc5753,mwnbrasil
f1f5cf3d-03f7-4a03-9a21-04c623bbe823,mwnbrasil
f236db24-bf6f-4462-9623-62fad8e105b8,mwnbrasil
fb6cbb84-474c-4e0c-a286-4a0dc9d90aa0,mwnbrasil
e2ba37f5-3e03-4b1a-9ddb-49e5b04c72b0,mwnbrasil
e2d4ede9-6a02-4a7d-b362-7d3a00f398ff,mwnbrasil
cc8855a5-6af9-4a70-8f63-26bc4e298948,mwnbrasil
ccaa0dd6-5c43-4711-a11e-25380ecbd69b,mwnbrasil
ccc2b1b4-2b3d-41e9-8b59-1066f99ab9f1,mwnbrasil
e76abd1d-1e76-431d-b691-7e79d8a927bf,mwnbrasil
e03b3a0d-c8bf-414b-8f9e-593f3cbe7ff3,mwnbrasil
ee9e0744-3f23-4b5d-8186-278106a0d5fc,mwnbrasil
eed1584b-67fe-4a82-8d55-b2df4f1c2e6b,mwnbrasil
c34e8d56-b297-4bc8-ac87-3bbadfc87e50,mwnbrasil
c376e123-9064-46a3-955e-c32be548686e,mwnbrasil
c3a5daba-7152-4350-906d-697973a5cf34,mwnbrasil
c4abd397-5a3b-470c-836f-0545369cf901,mwnbrasil
c4b5bdc1-d2b5-43de-8822-0b76dd559875,mwnbrasil
c52bbaa8-f445-4685-ad5f-407e07f09fa1,mwnbrasil
c196f327-e94d-4bee-89df-8ac41238a5fe,mwnbrasil
c2048a94-dba7-4fcf-a6cc-371aaedf0821,mwnbrasil
c23ae66a-fd13-4f17-aa9d-9e25420b725e,mwnbrasil
c26822f9-4c5f-469f-a7aa-5d519bd00195,mwnbrasil
c298907e-5169-436e-818a-e9041a2aa9c9,mwnbrasil
c2c8ac81-7e28-494a-8bfe-cabc785caabd,mwnbrasil
c5f138e9-8089-4318-baee-84865b062f2c,mwnbrasil
c63ad9cf-3a02-4692-8365-4395c22cb8e0,mwnbrasil
b0e5bf86-6724-4af2-9fba-b0025eb4c94a,mwnbrasil
af1793eb-d892-4607-8f3b-8a89a09b9930,mwnbrasil
b05cd2d6-74a3-4581-a358-6f10a59fecb2,mwnbrasil
ad35be6e-13cb-4d7d-889e-0770469bdda4,mwnbrasil
adbaaaaf-b61a-45eb-b714-ee2fb07ba5b9,mwnbrasil
d0a98476-c425-47d9-a714-e846fedb90c4,mwnbrasil
d114ed9d-3d0d-4cf4-b2b3-99f6db6096fc,mwnbrasil
d3be2e0b-c16c-4617-bb16-a05731537b8c,mwnbrasil
d3d5685a-61f5-4c24-b37d-0ca6f24e2149,mwnbrasil
cae873a1-b365-45dc-89cc-d28923e118a5,mwnbrasil
d8518175-7b9c-4c87-8299-1204e11ed993,mwnbrasil
de6f61e9-096e-47be-a17a-6cdbeeb1d427,mwnbrasil
df5a8498-9645-434b-9748-36221cfe5331,mwnbrasil
dfa2b289-f1e5-4c88-9aa9-973017fdf3ad,mwnbrasil
72f9c394-a009-4d90-a91e-78bf339fa65b,mwnbrasil
6aa9aff0-f4bc-425c-a05c-0e66ea7f5edf,mwnbrasil
6b2ae8c5-d21a-47fc-a31e-1b337d7aebdd,mwnbrasil
6cae2880-4088-48de-9651-d864db400aed,mwnbrasil
75d8aa10-2fe9-48de-a21b-5c9744aef06c,mwnbrasil
7625533f-3042-447f-a362-c39bc685b0c6,mwnbrasil
74ec15e7-5bc3-4d15-b2a8-ad445c6d2ee6,mwnbrasil
7214e17e-56d5-4410-a51b-d27f512c2321,mwnbrasil
09a49437-6893-4a3d-9952-8dd640b19c35,mwnbrasil
0a8dd79b-a288-4bc2-80b4-2c7fcbfb7fa0,mwnbrasil
151ee76b-11fb-402f-9e7e-f8228d747112,mwnbrasil
157e8f65-9e6b-448e-a5a8-46737c4a805a,mwnbrasil
0e5760fa-33cd-4c34-9add-dcdf8bc4eda1,mwnbrasil
0e9b1d92-8ba2-4f11-a5f6-ec50c0763bc9,mwnbrasil
0f4e7665-7f19-4aaa-adbd-0cd376119dc4,mwnbrasil
0f618c73-55dc-451d-881c-467a6700162f,mwnbrasil
1cb13207-83b8-4957-b56a-f51e8333eaa2,mwnbrasil
1cd5db85-b427-4ad9-88d6-abf4e5ee3e63,mwnbrasil
1cf564a2-024d-4b0e-8804-d72335d469e5,mwnbrasil
113c5faa-ff60-4697-9eb0-107291b26436,mwnbrasil
1176f540-c1c5-4672-b45c-81efc548874e,mwnbrasil
124c0192-c33e-4eb7-837e-c16356b61579,mwnbrasil
16a382e0-ff9a-4613-b14c-3ee4d0c9f9bc,mwnbrasil
171bf31b-a5b1-4386-8f5e-7dd48613d5a3,mwnbrasil
1f708630-1456-4c1f-be08-16f34f2116e4,mwnbrasil
22b9e202-1ab3-4894-aba2-eee88998f264,mwnbrasil
210a5b5b-7cb7-4731-8c05-5f016b702f3e,mwnbrasil
221bbbac-4d8c-4de1-868d-70fd940c2d6d,mwnbrasil
22283f07-95d8-4b1a-811d-f3cfcfac4cae,mwnbrasil
19f16446-f624-42cf-949f-34c94c57ba2d,mwnbrasil
1a8987e7-8302-4831-857b-fa9f7cebccf3,mwnbrasil
1a8be430-1aef-4b7d-a8e6-6339e17a6268,mwnbrasil
1acb17df-4edc-447d-aabd-ca479b8c2200,mwnbrasil
1b029d84-c5a2-415f-b091-a8d33921c374,mwnbrasil
1b6150fc-4995-449d-a14a-d07392f2477d,mwnbrasil
0019f2de-0797-405c-8379-c735afe4f970,mwnbrasil
0153eafa-d97a-47bd-9124-ae54f9a2993a,mwnbrasil
256806db-04c4-40e3-9dcf-8cce0f21df3e,mwnbrasil
03fd9a48-57c4-4982-ae09-e54950927303,mwnbrasil
078a068b-0c6d-4b26-bac0-f74cab8f67d9,mwnbrasil
0830df02-f81f-48e2-b369-e55f3aace4dc,mwnbrasil
08356433-3de0-48eb-bb85-a0260d2bf3b4,mwnbrasil
02455c33-e875-49d5-a60e-a9c2c0a4aea7,mwnbrasil
03357871-ab0e-4f6b-bd41-80c69090ab31,mwnbrasil
0d053bf0-cab5-4b07-ba33-fdb6b5761bc1,mwnbrasil
77cfbf10-961d-4042-b709-47e94ac734a2,mwnbrasil
781650a9-c1b2-4f90-a277-6894cb626cd3,mwnbrasil
78a37295-3ca2-4f69-b72e-fd0295edf458,mwnbrasil
7915812c-109b-484a-a079-8a7ce668cc17,mwnbrasil
798f2bdd-b911-436a-9ae1-bfdf2e760c7c,mwnbrasil
aa025967-9a2b-4e8d-bc30-0c8364c345d6,mwnbrasil
aa4d7bc9-083e-4815-ba21-1c49459db862,mwnbrasil
aaafafe5-4369-4020-956e-e0d4b30d8d73,mwnbrasil
abca686c-52cf-46a7-b5d6-0c5f9b1c90b2,mwnbrasil
ac145468-2048-44d6-8c4f-360a6360018a,mwnbrasil
cd68a6e7-edbe-4d42-8cb3-09794a555992,mwnbrasil
ce094fac-cbb5-484f-affc-9a8fb9a0e661,mwnbrasil
cf572555-dcbc-4850-b766-75c4d888036b,mwnbrasil
2e07e631-3684-4d05-b55c-7a0c11c7ee6a,mwnbrasil
2ede192f-6733-49ec-b34d-aba005239dda,mwnbrasil
2bba5622-5006-4c46-91a9-836a0aa8fe99,mwnbrasil
2c945c78-fce1-4b0b-9648-a5d789f9639f,mwnbrasil
304eecde-17c3-4cd1-b8b7-78d5301ae690,mwnbrasil
307afc6a-5ea5-4adf-a01e-dfd6b847b5bb,mwnbrasil
35c93b51-6b01-4467-af55-9612405d8a3b,mwnbrasil
350cec47-31ba-411b-a4e6-463562bd2bf3,mwnbrasil
3538f1f4-924a-42fb-9fa2-34acf4cd70a0,mwnbrasil
2b16a8e1-42d7-468a-aa6c-070956fc6298,mwnbrasil
3679364e-d829-4ddb-a891-aad4f2515598,mwnbrasil
37cb4b74-2a32-46de-962e-3a0770ae200e,mwnbrasil
3882e1a4-2f05-4815-8409-abe6b8d4b6d0,mwnbrasil
38e24b7e-bea4-45e9-99d9-df107a9f98ec,mwnbrasil
33c12811-4f4f-4cd2-9f75-12bb066f9cec,mwnbrasil
31755466-165e-4b0a-9f39-b35e2211b445,mwnbrasil
319c4ceb-9bf1-4a67-b642-20a26e0fe33a,mwnbrasil
558db25d-911a-4b48-8829-0b1a4d6203bb,mwnbrasil
53ef5306-80b4-426c-885f-4ed24436a488,mwnbrasil
54b0d624-69ac-4782-81e1-5204584269fb,mwnbrasil
4a1eb68b-1a5e-44c3-91df-84222130737d,mwnbrasil
4b0d6de5-4c02-4703-a932-0cdca07ee4f3,mwnbrasil
548ef4bf-6b0a-4673-ab7f-a30cf76553c9,mwnbrasil
57bd72a8-411c-432c-a56b-962133e5c653,mwnbrasil
52da894c-f582-425b-a14d-e3413e264a41,mwnbrasil
52dca6f2-d260-456b-ba63-6ecd839bc22a,mwnbrasil
4b82dd41-2633-4446-9108-fd08f4b431a4,mwnbrasil
4b9cddcc-e215-40a5-9a10-2e4820241727,mwnbrasil
4d1cdf22-9ad2-49f2-99b3-f44413be14b2,mwnbrasil
4db956f9-4522-4fdc-adcd-baae30acef13,mwnbrasil
76c9eee2-7b20-4d06-a0a7-3e9b6e420ad3,mwnbrasil
779ecbe8-4170-408c-ba8d-fcef1ff20b1b,mwnbrasil
d9e5e661-a5a0-40b4-933e-04cf05c4fa34,mwnbrasil
db8b60e2-005e-40c2-9f40-77544782f995,mwnbrasil
e4e3a5b2-0877-4b88-9e94-ce9bd1bc8f66,mwnbrasil
e51ab57b-f66d-48d1-ac04-edfab71323b3,mwnbrasil
ed52a176-c9cb-4a6e-b41d-c4cb9b11b6a1,mwnbrasil
edfb3839-0cd3-4f69-a755-482ff785c06c,mwnbrasil
d74c01c6-a8de-40ef-b7f9-67a5465294fb,mwnbrasil
d7976076-e1ea-42ea-b276-9f22a2630e16,mwnbrasil
bd15d00a-ec79-4835-a1ac-a951c58331e4,mwnbrasil
bd72e29b-f357-4890-bac7-040d612c3635,mwnbrasil
bf041a69-002c-4768-adcc-48870da8eb7b,mwnbrasil
b8c34776-adec-4bc9-90e4-96caa0813450,mwnbrasil
b939a0c3-1102-4ead-87bf-e710259d06a2,mwnbrasil
b944704b-1147-44f2-88a8-08079526edee,mwnbrasil
b4bf3b4e-71f7-4ce5-b40e-5afc05e0507f,mwnbrasil
b5112659-259b-4317-bfb8-af0525e34d30,mwnbrasil
b58a4cfa-7be1-4eb7-8e13-c78a80ca2284,mwnbrasil
bb59e5dc-82e7-4dfb-8e65-4ca01f256d80,mwnbrasil
bc1d6074-54bf-44f8-9d4c-8b10c7c71cd0,mwnbrasil
bf5081a4-367f-42c3-83f8-a5db6174bc65,mwnbrasil
bfba9136-3381-4f09-afcc-ba01929acae5,mwnbrasil
46b30f96-d592-4054-b6a0-657c5c5ee7b3,mwnbrasil
45c99a84-1841-49a1-a495-bfa2ca174f57,mwnbrasil
45e0db48-51d0-4174-9e16-f13bbb711535,mwnbrasil
46355718-75a6-4a5c-9b7d-44f5d557c8b1,mwnbrasil
432a2467-3240-410f-9548-29edb2bdc014,mwnbrasil
435a7450-ef2a-468a-a514-97071de50d4f,mwnbrasil
3eea2b0a-d5c8-4ec8-b184-87a647ff8cf3,mwnbrasil
3fb237a6-3477-4dfd-b676-b91401e9ed53,mwnbrasil
3fdd7af9-a078-4965-b7c0-625ea33bb796,mwnbrasil
3d5a57ce-78ca-4b49-ac4e-3fa891799cfc,mwnbrasil
3e830281-bc5b-4b1c-ab8c-428781633aba,mwnbrasil
63a913b1-18a6-4515-9750-2d098043ca5b,mwnbrasil
64702bb2-a696-4d4b-bb1b-36187144c291,mwnbrasil
6675cff7-2766-405c-afd1-dd5e0889f8b0,mwnbrasil
64de5251-bffd-4291-80a6-14e545ff5924,mwnbrasil
5a8554ec-abff-47ef-9ab9-10d2d8be2b2f,mwnbrasil
5f8a04b1-167b-43c8-83db-364b810dead1,mwnbrasil
602ce1d3-cafd-4afb-aab8-c99e2a7dd494,mwnbrasil
6310b41c-27d1-4135-acd2-21eeb8705ee0,mwnbrasil
47f981a8-7f76-4768-96f8-bbe7f93c3ff0,mwnbrasil
4826fe55-ccd7-482f-9370-3941b7eb6880,mwnbrasil
48fffb2a-dfc5-4a95-abf6-835070159a99,mwnbrasil
4989b083-649d-46b5-97cd-283ef2242d53,mwnbrasil
4592ea02-2a24-4ab2-b3cc-98db478eaded,mwnbrasil
66d5f3ac-afcd-4a8a-93bc-dc21c84fa16a,mwnbrasil
67206af1-c2ed-4d4f-a510-5ba0d1da7fa4,mwnbrasil
686ed209-e81c-401a-bef5-26e8de91c3e8,mwnbrasil
69c70fb1-056d-4b11-b7b2-9b843bd3ffbd,mwnbrasil
5bc3e2dd-10d8-42e1-8fcf-128bcbbe36c4,mwnbrasil
5cc6a6d2-4daf-405d-90e7-e2dbe13abef4,mwnbrasil
5d488c76-acfb-418b-90b7-89c0d5b3985b,mwnbrasil
2953e389-2e43-47df-b1dd-6b2f77153a0b,mwnbrasil
287e4e6c-4ff8-4d22-9a8d-0bbe9d213e29,mwnbrasil
28a90507-1caf-4426-9e44-aa809dae5a79,mwnbrasil
9d747b79-4e7c-4e90-8e0a-8c01cbec22c7,mwnbrasil
89f5d80a-dcfa-4b11-9cdd-770a439b3016,mwnbrasil
8a8fa6a2-f137-491a-b492-abbe9aff6ac2,mwnbrasil
8aa2fb54-85fb-4f7f-bee2-7de60c36b97d,mwnbrasil
8cc93718-4ab7-412c-9187-5eb69aa2adc3,mwnbrasil
90b4868c-e1ab-4dd7-a85a-552167e3cd36,mwnbrasil
9130f7d6-c607-488a-9af0-1832cb65ecd2,mwnbrasil
91c97ab5-3af6-439e-a6dc-27b1cff99e15,mwnbrasil
9216cac4-715a-49b9-aba6-22edba75066d,mwnbrasil
92b73bc4-14fb-4591-b821-b1e03f8294b0,mwnbrasil
7c526dce-b863-436f-8fd6-db1c21758660,mwnbrasil
7d5b2762-93c5-4721-a89c-cd9616aed4e0,mwnbrasil
7d85ce82-5415-4ac5-aa82-9f759a408fc8,mwnbrasil
7e318146-3764-4a21-bc98-7c3e884ebb39,mwnbrasil
93aacd54-53f9-42df-83f0-ebad2da86327,mwnbrasil
9532c87d-f8c9-4806-9330-9f87baae19bb,mwnbrasil
80ae58ff-5ecd-472f-ab12-9a1a9ed1a467,mwnbrasil
810b60ff-9818-47ab-ac92-2e26e8dc2143,mwnbrasil
8226f6c2-d730-40bf-a324-51916decbb03,mwnbrasil
83697a4f-4a0f-46d3-af29-d4323236fde3,mwnbrasil
9cf9c45d-93b0-4e1e-bc2d-08cf852225c5,mwnbrasil
6aeae624-2d25-44bc-b01b-7dc0c6fd60ae,mwnbrasil
6b580c98-f593-467c-a32e-1f5d9b23fb5f,mwnbrasil
6bd7f60d-7b2f-495e-97da-31345ccf2092,mwnbrasil
6bf92dda-eb55-4e9e-982b-cc3bf3fe4030,mwnbrasil
6c4c9cd3-a0ae-4801-b2f6-3bd2ea3ff1fd,mwnbrasil
6d3d3cee-2c11-4b55-b351-a55b6e02fb99,mwnbrasil
6d70575a-f0ff-44da-bc55-456551851c52,mwnbrasil
6e28102f-25f1-4771-95f0-f9b48d1bcd9c,mwnbrasil
6ee70fae-225b-47ab-a7b3-0fb2b8675956,mwnbrasil
6f8a714b-cd6b-407c-9338-2a3e69670dfb,mwnbrasil
747a874f-24fa-4822-a256-ddfc82011ca2,mwnbrasil
75e08572-2a61-4b73-962a-0f3b3a7dfb13,mwnbrasil
76eddae5-a65b-4326-afe1-4aa70c93f8e0,mwnbrasil
75d7a9da-97e8-453b-a5d9-b64d8545adcb,mwnbrasil
74acaa91-bfbb-4fe7-a465-5053f4ed01f9,mwnbrasil
74e265e7-6a13-4e3e-bb06-b95e68d74ea3,mwnbrasil
72b3edca-0450-4d0b-a0db-7bd4427f7f9d,mwnbrasil
70fdec54-39b7-4aa6-8b7c-5ae5b76f4ff2,mwnbrasil
7150492a-16a9-45e5-845a-850157d339c7,mwnbrasil
f86a397d-5d7e-4399-971e-27d9cb992376,mwnbrasil
f8739402-0283-4a50-95fc-92cc23eca76b,mwnbrasil
f8957662-3c78-425d-8504-994f116f6d4f,mwnbrasil
d3cf5f00-7c4d-49a0-b2e9-239b95f3c3ae,mwnbrasil
d4596656-d2cc-4a18-b52c-fe4df62323d9,mwnbrasil
d55c6540-bfe4-4b85-a627-d21385a2254e,mwnbrasil
f575fb8e-130f-41d7-93bd-86f25bba8dcc,mwnbrasil
f63e94b1-c1de-49f0-906e-3dc6cfa4217f,mwnbrasil
f1553b5f-17b7-4b14-8663-459151684948,mwnbrasil
f27291f7-40f3-43fc-908f-649a9e9dc0f1,mwnbrasil
fa479f29-0752-4cee-98a1-d46aba268304,mwnbrasil
fb684319-0f1d-464c-8daa-fd488f14e97a,mwnbrasil
fb99914b-38c2-4ad3-8d72-309899fc33de,mwnbrasil
c8db9dc9-35be-403d-8e31-fda9493bc359,mwnbrasil
c9716882-6a00-4747-921f-76228fdf4ee3,mwnbrasil
b80aecc6-549f-4172-840d-34179a1b3655,mwnbrasil
b81a086e-184d-4fde-80e7-317d81f7c9fa,mwnbrasil
b870cc1c-5dac-4b85-9034-cca6845a69e9,mwnbrasil
ed785521-2ed4-4ea6-a82e-6133a3373432,mwnbrasil
e80a4dca-ef35-49cb-9d96-3d01bd323ba4,mwnbrasil
ee7c41bf-49b7-4d89-80bc-1604ef4694cd,mwnbrasil
e30ccaa6-34f7-42bf-be60-e1fadbd39511,mwnbrasil
e3ee7d7f-26d3-458b-a1dc-6d802d5632e9,mwnbrasil
e4a1f678-a796-44f5-b38f-2b235c2e884f,mwnbrasil
e4a258d4-93e1-41cb-b813-e6f19441a7be,mwnbrasil
ea476606-a350-4f9b-821f-07d3e77a54a1,mwnbrasil
fc8b7667-bfcf-44ae-8509-32912e97d22b,mwnbrasil
fce219a0-c595-4a47-ae67-e404fa4d8343,mwnbrasil
fd058c17-9ff7-4efa-a072-654dd7883ad2,mwnbrasil
fd9cf314-f13f-4820-841f-406ec47c84aa,mwnbrasil
ffa19295-5d39-416b-b6b4-6545a2452e1f,mwnbrasil
d04c3845-c970-490e-88b3-287c58ff61e0,mwnbrasil
ca625e99-63d3-436b-a736-238ac6e908b1,mwnbrasil
caf58c97-db63-4b0a-be1d-364d56a976d0,mwnbrasil
cb690dfa-7df9-4e5b-8009-ed91daf2e992,mwnbrasil
d84074c0-5ab3-4cfb-83f0-55dc013bda37,mwnbrasil
d9dcb8a7-3c2a-4959-99be-88f205dddde2,mwnbrasil
d642c901-b94a-45d5-8139-504beda4224f,mwnbrasil
d6518027-a66c-45d5-a5cc-adccfc8c0a31,mwnbrasil
d6921f78-21cf-49c6-9e80-c17c61fcd901,mwnbrasil
bd5b5156-9938-4a40-95d9-5d0032f92081,mwnbrasil
be1d1515-f0cc-4942-885d-f85d21ff67dc,mwnbrasil
be7cc363-c8a9-4498-b522-3eecb1a6fc44,mwnbrasil
c57c237e-0467-497e-a4e4-86e9be8e6b36,mwnbrasil
c609d0a6-f55e-422f-ab9a-3d9d75a9ba9d,mwnbrasil
e626fe55-a6bf-4906-99e2-08a515ba399f,mwnbrasil
e6c1fbbe-ebb6-46ba-a726-6016e3d74d4b,mwnbrasil
e70b8ae3-5e17-4548-889f-677d14e1b3f5,mwnbrasil
e13ed484-2f2e-4e3e-b78f-a2dc978761a1,mwnbrasil
e22cbc34-5ec7-40d9-953f-c323e7a1c788,mwnbrasil
e0661afa-3bb7-402b-b4d0-0361e37d594c,mwnbrasil
e0f122e0-b58f-408e-b628-381cc980c011,mwnbrasil
de05be8a-1b0e-499b-877d-1f45d9b5d48c,mwnbrasil
dfcc12c8-1056-4df3-9ef0-de61847259da,mwnbrasil
db5e617d-5a09-4a9d-afae-3d15fbd7ef54,mwnbrasil
dd00940b-2043-46ff-ba2f-7732b2e9b0f2,mwnbrasil
c3d4f441-0219-4e00-b264-cd3eac558fee,mwnbrasil
d1a774a6-585e-4391-9ddf-0b68f700f839,mwnbrasil
d295ca63-c569-47da-8014-b466fde5fffe,mwnbrasil
d2a3bc91-1373-40bb-98eb-0d0ffbc9b97f,mwnbrasil
bae0be51-97b7-495d-ae90-347af252a4fd,mwnbrasil
cc1f7ddc-f6a9-4844-9d39-0a690d8af119,mwnbrasil
7855ef9f-a451-4c20-be08-085a8d40918a,mwnbrasil
ce054714-9c16-4d71-ac7d-82aace7522cc,mwnbrasil
aa34d6ea-6141-4177-ba4f-7c75b1f24dac,mwnbrasil
aa3fff79-3879-41b4-b3c6-0ea24b1ffd13,mwnbrasil
ac7124d7-7505-4f3f-a113-9cfc02ed9603,mwnbrasil
a6a90552-3d13-420c-b18f-72b0deea0684,mwnbrasil
a6ce2f92-5fb7-4642-ac98-4de8d623c0d0,mwnbrasil
a7a76b42-d550-4de3-a593-f37229d1a1b1,mwnbrasil
a4f07d0c-352b-4415-9ef9-93acc2e2fcc4,mwnbrasil
a3f15489-4428-437e-ac74-525f12c3c264,mwnbrasil
a14443bd-5682-4cd1-bad9-83bc6e48cfd9,mwnbrasil
a1e0b461-b1dc-43ba-b9c7-7f913458379d,mwnbrasil
a052e03a-d4db-4ada-b991-c21d19628d9d,mwnbrasil
b74b9b20-3e48-404b-b80c-879be600c7b7,mwnbrasil
b27b2a6a-b0a1-4afa-a647-825648eb424d,mwnbrasil
b4dbe932-7a2a-40a3-aebd-3e9495baaf15,mwnbrasil
53a8547b-cc47-4420-9462-a78371f3a2a2,mwnbrasil
2fea6773-6678-4678-a0f8-3375275b39bc,mwnbrasil
2fffd92e-517e-4015-b869-8ce8a93329a9,mwnbrasil
2b2d5845-ab36-4b29-a0a5-351d3a1d5a59,mwnbrasil
2c2ecf6a-f039-4c87-ba3c-fb81e622eb89,mwnbrasil
2c446af4-bb1e-4d9c-b9b5-a892cf3e0040,mwnbrasil
2efaa4ff-4367-444f-bc60-73733d46201e,mwnbrasil
3b997fe9-3b29-473b-be88-0bca0e305cbf,mwnbrasil
3c833b76-f29e-430d-aaa6-26018beb63d2,mwnbrasil
3fbbafd8-2ce2-40ad-a924-f2429ec94985,mwnbrasil
400cc972-ec75-4b82-adf4-7b58bd6782ff,mwnbrasil
402345d4-ee1f-4449-8956-00d7626ef119,mwnbrasil
40919f13-8780-422d-bedb-84d063a6642a,mwnbrasil
3d825e82-beed-4c8c-8a03-b937b5704fd4,mwnbrasil
3ef54cf8-4d30-4d14-9deb-b9a20f1d5743,mwnbrasil
5356334c-8d2f-4132-84c1-4af5a9ac9e4f,mwnbrasil
556a1ec1-7065-415c-bb5f-aac161d8886b,mwnbrasil
54b90f3b-bccb-4db2-9fc6-dcb60b3b4805,mwnbrasil
4da939c1-8b10-4e28-ba7b-29bb5a98ee28,mwnbrasil
5037c13e-629d-4fe6-81c4-a367570423ee,mwnbrasil
5143504e-74cd-4888-aff4-f8b9cca4265f,mwnbrasil
51a03ebb-9c71-4a2a-b123-a93248b0b8c5,mwnbrasil
7a61071f-3979-44c9-af8c-15a24046c52d,mwnbrasil
7a7120f9-d8d9-4748-b2ab-bbdf67dc13ff,mwnbrasil
7ef55edc-804e-4ed8-8685-4bab943d62cf,mwnbrasil
7f759037-41f2-4546-8721-e6cd707e3e33,mwnbrasil
7f94d379-9c6b-4434-85d9-b50c9a7b566f,mwnbrasil
80498c2b-4db5-40dd-b3b1-f751fed35849,mwnbrasil
84d1d7bc-9907-4a95-860e-9a7c1bacfc33,mwnbrasil
855e06de-563b-4f95-b7f1-61cbdfe74ba5,mwnbrasil
7c2154a5-0160-4657-b0b9-d34606b7a52f,mwnbrasil
26e22127-1431-4e63-a7e2-5afab3c01500,mwnbrasil
129e56cc-dc12-401c-8219-3c75bffba658,mwnbrasil
1c47134b-482b-4e4b-ae81-2a3f9b1c91ff,mwnbrasil
1c73481c-2d63-4a77-8d7d-76a46e42b8f7,mwnbrasil
1d8c3be5-98d6-4908-b60e-55c91ad6f9cf,mwnbrasil
1538e80b-363c-4042-b14f-862ed28b27eb,mwnbrasil
153d6354-d3e5-4e36-873c-9037f3955eac,mwnbrasil
154b6b21-d31b-4153-be6e-131c717de34f,mwnbrasil
1575eea5-fc94-4620-a6be-a1fae7a04c9e,mwnbrasil
107e16d2-f4e6-40bf-bfe0-b940ab850f96,mwnbrasil
223fff68-6b79-4d21-a84f-54f1961c1145,mwnbrasil
59e35f7e-0afe-45c5-aa06-bdc31eae97e1,mwnbrasil
4fcd3492-47d0-435e-9884-71d1469a0e92,mwnbrasil
6191083b-ccf4-48e4-9b84-631fad220dbb,mwnbrasil
61aeb5b3-8d8e-4877-86a8-ec26a086a0c0,mwnbrasil
62199869-4e49-4635-bbb7-4e87b2af177d,mwnbrasil
5bc87a68-c3ad-4b78-a901-e7e8723ede69,mwnbrasil
5c832688-dade-446b-94bb-9c782df5afd8,mwnbrasil
5ca604e9-1c7d-4781-bbce-1f5ff5fab893,mwnbrasil
5e96f125-9dc9-476c-8f7f-2b5b9d0aa766,mwnbrasil
5ee080c1-458a-403f-8993-f6b947acebad,mwnbrasil
5ef17af4-ab10-4ec1-b491-dd0de862d8e7,mwnbrasil
608f16c1-3fec-4b64-a84e-de72fc6bbd11,mwnbrasil
68791ef9-02fc-4121-a504-1c4743e107d6,mwnbrasil
699bf110-8710-4dc2-b086-940c280ffd8e,mwnbrasil
9e3ff040-33b8-4f7d-8222-9fca702e5c3a,mwnbrasil
9f5d6526-ce97-4c26-8184-9836bd255388,mwnbrasil
8d1d8b8d-7960-403c-9f00-dc43b9ff5bb3,mwnbrasil
8d303a89-aa38-44a8-a98e-daf4e704ca2c,mwnbrasil
8e62ea0c-a834-4701-b3b0-1a794ce95611,mwnbrasil
8a3287aa-8694-47d4-8225-7f084dea48d7,mwnbrasil
8bd10909-c0b3-4c81-94d1-3c85d8219f89,mwnbrasil
8bf70e1e-64a0-455d-a2f3-a4a24438cdfb,mwnbrasil
8c117c4b-742a-4ac4-81e4-f90c6a68c6cf,mwnbrasil
92312be6-c9dd-4858-8717-601dd1644fb5,mwnbrasil
8fbb2333-b54c-4817-868e-566902221204,mwnbrasil
8fcf56d6-2da2-4972-9f37-0400de4ccaaa,mwnbrasil
8821b27c-4f99-4b49-8ec4-edc9293f445e,mwnbrasil
888024b4-c1f5-42c1-9f0e-2ad0a2c99bd2,mwnbrasil
8924cc82-bb6b-4c60-8cac-5de2a418d7a4,mwnbrasil
9b86e115-d451-4ee2-99f0-e44a2b2a38dd,mwnbrasil
9c29c81a-344e-48df-82dd-b4f428cc07a2,mwnbrasil
97881e34-e630-4e40-ba18-72467d8c4679,mwnbrasil
97b0a4bc-c3a5-429b-8abc-6383cf6af80b,mwnbrasil
98785d24-42a9-4634-82cc-2da8601e253a,mwnbrasil
95561c7e-ff23-4147-a17c-c8ba6c346df7,mwnbrasil
961684c2-4b63-44fe-ab71-235618374691,mwnbrasil
968505bc-82aa-4c17-9620-a5d6c9689cd8,mwnbrasil
932fd70f-e2c5-48e4-9610-1bd2b2a307f1,mwnbrasil
9369ff8a-8344-476e-92a6-8ac788c33019,mwnbrasil
1b265363-242e-465e-a8ed-3c584b453c26,mwnbrasil
13d3d398-f7d2-42ab-8225-149632071b4c,mwnbrasil
1484bc9c-aefa-4bf0-a39c-a1875ae6e648,mwnbrasil
1490d527-529e-44e0-84a4-61990eb7f0a6,mwnbrasil
14cb5b2e-8d6d-4938-afe8-d91d1c917a82,mwnbrasil
0d05f9eb-5683-4261-b975-72db21ab0f5b,mwnbrasil
0dc6d7b1-5031-4f6c-8329-ea6d58d61ced,mwnbrasil
18412fe8-c85f-4727-8d23-6ffa12fe2c52,mwnbrasil
186676ca-b7f3-461e-8553-cdefadbce108,mwnbrasil
18e68897-caf5-431e-b5b6-24d1a1506551,mwnbrasil
197e4e1b-3458-42ce-86e6-72b3eae8d96e,mwnbrasil
0ec74447-da2a-48c0-b07b-041f734be86a,mwnbrasil
0f9bb247-79e9-4320-a31a-31a3280a5ed6,mwnbrasil
1f040af9-d527-4e58-93f1-59b2d799eb10,mwnbrasil
015d5e53-4d2b-4369-be3d-ba07bc91d8c2,mwnbrasil
0490294f-03ce-4991-84a5-11080e9efdeb,mwnbrasil
025abf32-8873-46da-8db2-9321fdb16952,mwnbrasil
068c6d35-5a50-4a06-9fed-da56e98a4ce1,mwnbrasil
0b143dd1-6b26-4039-918c-16e10b671571,mwnbrasil
0c0b3e69-6049-4fc8-afad-678325d23436,mwnbrasil
0c2d7fd8-e445-42f1-89bc-29a7a071141c,mwnbrasil
2685a065-18e0-4677-bb21-b699001dd743,mwnbrasil
8203c0c1-f3ea-47d7-a057-8bed732cb88c,mwnbrasil
27d95ebf-4138-4a83-affd-e9ef16112bf3,mwnbrasil
290b4fc8-9e69-43b7-a344-11610c27c053,mwnbrasil
33aa4d1b-c774-4f3d-83b6-bc4f9786e937,mwnbrasil
33f52d07-03b2-4148-95d9-31c95b94ce37,mwnbrasil
32754272-f451-4d32-b65d-3207aaeede18,mwnbrasil
369d7999-cdbc-472b-ace2-53ce0cde4685,mwnbrasil
36d7a24a-fc25-4bc1-9cbf-e8470d494824,mwnbrasil
4a8573be-58ff-413d-b249-39ffc169c2cd,mwnbrasil
6458fbcd-168a-411e-ad02-414de02dd633,mwnbrasil
66fc9100-887d-4630-8697-296eada0f05e,mwnbrasil
429d15c3-713d-423d-8b21-ee72c206281b,mwnbrasil
4485d5ae-2bc6-4d62-9f4b-80227712e9b6,mwnbrasil
4445188d-c523-49a1-af19-15cc3628579b,mwnbrasil
433ff803-a7cf-4cee-b600-a8789263cb32,mwnbrasil
4266d681-75b3-4c3c-bcab-9a2cd4daf052,mwnbrasil
45251e53-737c-4c6e-89dc-6dc5e715308c,mwnbrasil
4595f06a-98a6-4fc7-8315-03abf40f11bb,mwnbrasil
63496dc4-7dd8-4da3-8edb-ccc4c87123fa,mwnbrasil
66426375-629f-439c-9bf9-8e9be0c24905,mwnbrasil
46f3d1a8-5e34-4316-9669-ebf2bb62f35c,mwnbrasil
47a2d892-8558-476a-a5c7-3aed4192018f,mwnbrasil
496e0708-2d7c-4273-8574-44ce3b9ed8ed,mwnbrasil
a063f678-3086-4b7c-bcc5-a4b33e175fb2,mwnbrasil
a08461f0-5134-4c71-8ed6-2dd09246aae2,mwnbrasil
a11204f7-e820-45b8-8357-b882206d450f,mwnbrasil
b7bcfae9-e2b5-4371-ab38-c6045ce6cb63,mwnbrasil
b822cce9-acb3-4a28-844a-12bd74382385,mwnbrasil
b869d4c5-08d7-49da-aa0a-424d892cc266,mwnbrasil
b8c6c76c-ef5c-411e-8076-75bf9c46e83e,mwnbrasil
b45ab006-f8de-4c0b-a693-41a4996db141,mwnbrasil
b0854ee0-53d0-43a4-a757-7912252dd5e9,mwnbrasil
b2b6a6df-a6d7-4d63-8e32-32f9dd4d164b,mwnbrasil
d1a6b4e4-21a6-4384-bd22-623c3499c523,mwnbrasil
d24e3a10-7e55-4d93-b6d1-a12807fc3efc,mwnbrasil
dd7e0558-f30f-4e52-be97-ea13248f2d39,mwnbrasil
deba2b32-fa1d-4f97-9baa-66ba6437a2e7,mwnbrasil
dad181c9-8857-4f1d-953a-9cca70c6cd64,mwnbrasil
db70957a-8f92-41f6-b2e5-ebd1399288b2,mwnbrasil
db747789-1614-472e-bb88-60ef8950dfda,mwnbrasil
dc92e1f6-e045-4790-8b52-7ccacf807691,mwnbrasil
e1b52243-b6d3-416d-98fe-661fb64c7a30,mwnbrasil
e1f51b8a-0d3c-4ab5-b8bb-35ed38f9b1e8,mwnbrasil
ded3368d-0d50-4d67-8077-5a689d147756,mwnbrasil
e05833e9-e980-417e-9ef4-25717fe5cff0,mwnbrasil
e09d8a05-4fb5-4f26-ae9e-e5317666f828,mwnbrasil
e47d2662-bb16-48a5-968d-8332eee25107,mwnbrasil
da704603-fc9b-4c23-85f2-71c28547af3b,mwnbrasil
a6002e5a-2fd2-44a3-ab4e-b919bf877bb8,mwnbrasil
a2e5a75c-dd66-41ec-9c03-4ed6fb6a937a,mwnbrasil
a6c966fd-b128-4343-8b53-191340186672,mwnbrasil
a74057a8-7c83-40fd-921c-5427e13394ee,mwnbrasil
a80f294f-2911-43ab-b124-d71bd3abedd9,mwnbrasil
007c63f3-e2bc-4e25-afba-8e3d716fbbb0,mwnbrasil
00c6f0f4-01f4-429e-a45f-33c41c3a2c6b,mwnbrasil
1c2574b6-a45f-42a7-92b3-f66717b245bf,mwnbrasil
204b8fac-a37a-42c2-968f-5d1829665b34,mwnbrasil
207f0f2d-82a1-4344-97fd-a48586bf4cdd,mwnbrasil
1f8ac6c3-b287-469e-b9f4-fde3cb8088f2,mwnbrasil
03841a64-90c6-4c5b-9c3e-53f83488a9a0,mwnbrasil
039251ca-4264-4165-82a0-7522c44cc473,mwnbrasil
0569a8ba-1084-45dd-9b78-bca46077e78c,mwnbrasil
05769fdd-e5cc-4d43-81b9-0050a4c7e86d,mwnbrasil
07c50e30-9939-44b0-9298-f767de5e9300,mwnbrasil
16898bda-53b6-469f-8f31-332ae4742c21,mwnbrasil
17778cd4-e87d-4971-9282-4ab94ef20d4c,mwnbrasil
12fa4a69-950e-4853-8e97-fbdfa586a3b7,mwnbrasil
139be24d-fdd4-4a57-94b2-9f624d46d0a5,mwnbrasil
1503547f-6f83-47a4-99dd-88ba7272e65b,mwnbrasil
0d72059f-d15f-413a-b8a6-53a235433c32,mwnbrasil
0b0eb46c-f5a7-478e-9776-24a8afcd13f5,mwnbrasil
0e817114-a240-4517-bb65-80a07068bf14,mwnbrasil
0f53c141-f850-433a-9a89-3120ae60cbbb,mwnbrasil
0fc629b1-dcba-4567-87a2-c9008ce6efa4,mwnbrasil
0fd6a60a-c9e1-44a3-80dc-ffcc84e086e0,mwnbrasil
265dfbf4-b647-411f-aaa8-ddb547ca466f,mwnbrasil
28ed9220-d641-4922-90bc-f6f5b6542ca6,mwnbrasil
22063cf9-e225-42dd-b094-8f761e7f51f9,mwnbrasil
fe499806-26c8-4d34-982a-55fa2ce6c16b,mwnbrasil
fe8dad83-497f-4aa0-821c-bd9a9799b71e,mwnbrasil
fbfe1af2-f08e-48d5-af44-c776cb318b36,mwnbrasil
f6e81799-52bb-4b6d-ad98-44cdc87e31ed,mwnbrasil
f79954c7-4fa6-4e17-aa1d-55fb0e28af97,mwnbrasil
f4a71695-4010-4235-82c4-65d3e29b17dc,mwnbrasil
f50c5856-eb89-4093-9494-1b148b7c15a4,mwnbrasil
fb3e3319-d6e5-4cbe-87fe-dc3889390c8d,mwnbrasil
f9838873-99b6-4746-b2fc-e96c1c63b8e7,mwnbrasil
e95626fd-cf8b-483b-82e2-e731159d0878,mwnbrasil
f2c68cc6-65b5-480f-b2f8-221d395e99db,mwnbrasil
f2d4c888-24da-4fd4-87f1-e6eaaf989196,mwnbrasil
f3185f0a-9dfb-4a74-abde-5f6374220e39,mwnbrasil
e4a8963f-cf88-4d30-9dcc-73aec956973e,mwnbrasil
e6366679-669c-45f8-8620-f143176810f8,mwnbrasil
ec044e2d-7e6d-4b51-b309-7b6ad7734862,mwnbrasil
ece38afa-4343-44c7-bced-d1fd79e7d03d,mwnbrasil
ae3b346a-bd2b-404a-b2ca-502b261ec3a5,mwnbrasil
aec67c22-8415-4241-b143-8a2828c6656a,mwnbrasil
d3cdf862-29e5-44d8-bcf7-4fee29f66605,mwnbrasil
d75fdcdf-a416-439d-bd0f-0e2a7b08453c,mwnbrasil
d7c66c87-bdf9-4489-a730-6477dae12787,mwnbrasil
cb35c4e4-6c8b-48a1-8514-aadc561cc543,mwnbrasil
cba4b083-a47b-4fdf-8a55-b7ed29d6e321,mwnbrasil
d9ce5cd9-dca7-4b8c-b39b-c65413df64a0,mwnbrasil
da075466-5aac-4a0d-8205-ee86f6725480,mwnbrasil
cd0a65bf-120f-4b7f-9f84-4d0168e9eed5,mwnbrasil
c8f0a85d-f210-4eaa-baa1-7baea7c942ef,mwnbrasil
ca0816c8-4ed8-4f73-a526-7b73ec1f595b,mwnbrasil
bfd9af96-6088-4860-b42c-322eb5ac5faa,mwnbrasil
c77810ef-20ca-4096-bfce-b97c65c8438c,mwnbrasil
c252d1c4-6947-452c-8dca-8ae283a39bda,mwnbrasil
c333efc8-d7da-4ce7-8946-73cbcd24a0e5,mwnbrasil
c460824a-d85c-460f-937b-9134088fd725,mwnbrasil
bbf8fc36-c98a-4853-bf2a-247f5879cbcb,mwnbrasil
bc7e08c2-4ef7-4c83-a4ef-c735fc7088c6,mwnbrasil
bb3689b4-a552-49d8-9478-244bce745af1,mwnbrasil
2c37ac33-d2b0-44b3-bb51-6fbe42ed6554,mwnbrasil
2c62801c-4400-41f4-8c95-68cc66e9a150,mwnbrasil
2c66894a-5c93-4d86-927d-4a93802af40f,mwnbrasil
2e3c7a2e-5a7f-44ea-8f7e-af72667cc35b,mwnbrasil
3a276a68-db4f-4b7a-8f04-866b16d8008a,mwnbrasil
3a3312f8-dc79-4a32-b506-250f13df12c9,mwnbrasil
4327b5c6-2385-4d2b-87e7-b7e9f46edbf7,mwnbrasil
433ef78c-da3f-4274-8d0b-f32ad5acb631,mwnbrasil
92321338-29eb-4d09-88f3-affb2e2f09bb,mwnbrasil
953ac1a3-2182-45ff-aca2-9ae18a8e2847,mwnbrasil
95a08679-64ab-491f-8755-ffbe2d8a9703,mwnbrasil
9651741b-af0d-47a8-a836-615cce54a15d,mwnbrasil
96c21c3a-22ff-4132-a9ab-385e55fd0dc1,mwnbrasil
8e2766d0-421a-4690-a991-4a9e06cf5189,mwnbrasil
93e22275-4cd2-40fa-bef2-bb6c83d0a420,mwnbrasil
9fc2bbc3-c890-4576-9bae-c4ce8f9e6705,mwnbrasil
9c03e136-dfd8-421f-9cfb-6992929703da,mwnbrasil
96ce88ad-f4b0-4824-ac2b-52e4da43c477,mwnbrasil
98215e37-3535-46b6-a094-e65cf71ea6fb,mwnbrasil
9928bbab-43be-41eb-a68b-e79fb3a65eb1,mwnbrasil
99ded22e-8182-4db1-8e1e-67623d8e3727,mwnbrasil
86da87c0-cf96-406f-b360-748d407fc916,mwnbrasil
87480125-1dd0-4b3b-8180-44cd7ff6a06d,mwnbrasil
7a9fec9d-01f6-4573-90cb-d715f1f6aed6,mwnbrasil
89e9623e-1451-4c4f-8039-9dd862598054,mwnbrasil
8a6cc61e-7494-4c77-8634-79082ae9bb7d,mwnbrasil
839949d1-8701-441b-9617-262a78648d74,mwnbrasil
83da53e1-68f8-48ba-a228-48f777366832,mwnbrasil
84027818-45d0-4092-b4e0-5cdaadc1f313,mwnbrasil
84117d6a-2b0d-4bd5-a482-6e39403b50fe,mwnbrasil
7cb31823-1fb5-4c49-b61a-8699ba222ed4,mwnbrasil
7cee6e6e-da82-4dcc-a949-0045851d1702,mwnbrasil
867926bd-b9aa-4642-9774-71d9e7c5d7d8,mwnbrasil
868d9d23-413c-4505-8772-d9c489a1220b,mwnbrasil
86bd5cae-6287-4598-bcc4-2cbf238c3691,mwnbrasil
76ac3e83-7980-4f30-8a89-9a847f1fd25a,mwnbrasil
76b96d4c-85b3-4935-b641-5b5764554854,mwnbrasil
79e93637-13de-442b-90b3-764ca780621d,mwnbrasil
72a9825a-6986-431d-a9d5-90fa863ce83a,mwnbrasil
7287c31f-d3fc-4d79-9b93-fe601e3c2b7e,mwnbrasil
6a977785-9959-403d-adb3-6b25cfadd20f,mwnbrasil
6b563724-7c36-43bf-9196-6cc03e85212c,mwnbrasil
711361e4-677f-4782-b04b-114597afb86f,mwnbrasil
777d311b-4212-4ee7-8577-63c298bb229c,mwnbrasil
35562a91-f4aa-469d-8387-18e76f19adb1,mwnbrasil
345f63d4-2f76-488a-aa5c-d03e528faa1a,mwnbrasil
2a1a02d8-f7ec-45c7-ab8e-0d60d6b7ccb3,mwnbrasil
2b7da971-5d63-4fc7-bd2c-cba0f19284c9,mwnbrasil
4b54a6d3-290f-41ef-b125-e0df90a7bfc0,mwnbrasil
4d07e63b-1384-42ad-b440-a5d72c603a1d,mwnbrasil
4d0ea0a1-2359-4e48-b16b-52112a5bbc86,mwnbrasil
4d66ff4b-8b7e-4d14-96f7-2748f87e565b,mwnbrasil
4df71e53-ae26-4d62-b76f-b57703801531,mwnbrasil
4a551ebe-5e00-455d-ba4d-dc8df7b9fa2e,mwnbrasil
4a96e1ba-b454-42ce-a744-d050e1acbb6c,mwnbrasil
56daa9a5-432c-4ce5-b932-9fb8df6a3e5d,mwnbrasil
57bd6b38-f4bf-44c3-99a5-3995b516d8fd,mwnbrasil
57cf8639-e5b6-479f-a2c3-1c7855b8a782,mwnbrasil
57f4d447-f9ec-4042-a3e7-04fd6b05b6c5,mwnbrasil
58dff118-b3ca-49d7-ac2b-19f2ec97c3d2,mwnbrasil
591e04f8-1ac7-48f3-81ca-05dd590a18ea,mwnbrasil
50dffd78-e64b-4ae8-b19d-c5c364cb991c,mwnbrasil
5214f774-0ae0-4f8d-aed6-98a9b87c007b,mwnbrasil
66172263-9e2e-48f1-be82-78054e79f035,mwnbrasil
664afe6e-033b-4fd1-9ce4-8be10571ebe4,mwnbrasil
5b6d068d-b537-4297-9fbb-feb51c66b8e0,mwnbrasil
5bb54e41-cf0f-42f7-93cf-67cc6f8af736,mwnbrasil
63580df8-02b6-4a6c-88e5-182ddda74ea3,mwnbrasil
63efd1bb-41ad-4a99-9b2c-bfec5f855d23,mwnbrasil
68d5d75b-2676-4f6a-b67a-70997c947a23,mwnbrasil
3fd05790-ecca-497e-b379-e3cd9fd3167f,mwnbrasil
472a5e07-f40e-41b4-905b-bca0eaf7658c,mwnbrasil
396083d0-6c74-4273-aafb-29040fefa0a9,mwnbrasil
2ef120c9-c4e6-4f30-a596-27e34d158212,mwnbrasil
2f834e9b-3983-4a52-98e6-ed8dc8c4b4c6,mwnbrasil
2ff55136-aa87-4ab8-bcdf-c4031265e3af,mwnbrasil
310fba9c-dec1-4ece-9375-133f028df535,mwnbrasil
311e3732-9d26-4726-8d82-941d19aa32d3,mwnbrasil
