story_id,publish_date,url
KHKAWMPMOJCLFKBVF6V44IU7SU,2006-01-03T00:01:00Z,/espectaculos/2006/01/03/antologia-de-los-hermanos-martinez.html
EZTAXBQQNRD2XFCRLRSUYIQ6EQ,2006-01-05T22:01:00Z,/espectaculos/2006/01/05/fiesta-en-tiemporeal-por-la-danza.html
YIRLKYMBQZGXVDVBUPEHQPTVWI,2006-01-05T23:01:00Z,/espectaculos/2006/01/05/marciano-en-valparaiso.html
6IFG7L7VM5BHDKRMGVFXLG6BAM,2006-01-05T23:01:00Z,/espectaculos/2006/01/05/bienvenida-a-ricardo-villalobos.html
3KYAI6L2MNEITLFZNB3O7QBVEY,2006-01-06T18:01:00Z,/espectaculos/2006/01/06/gran-evento-artistico-cultural-musica-y-danza-pueblos-originarios.html
2LEIWHKAQFEZXKNQCDWQ6SWWAE,2006-01-06T23:01:00Z,/espectaculos/2006/01/06/marciano-en-puerto-montt.html
TIV5RTQKMBD7DDYLC5YBXTJ6SU,2006-01-06T23:01:00Z,/espectaculos/2006/01/06/yaia-televisa-en-valpo.html
VQFBWF44BVBXLGCELU3X4DBGNA,2006-01-06T23:01:58Z,/espectaculos/2006/01/06/tobi-neumann.html
OHP2OF23W5HFZGZ2OMGFNKKWSQ,2006-01-07T12:01:00Z,/espectaculos/2006/01/07/loveparade.html
54XXWIF5B5DRFGTKUIVGHLMHYA,2006-01-07T22:01:00Z,/espectaculos/2006/01/07/tony-mass-en-circular-party.html
7NI2OG6OSFC5FLNQ6LTLO4KSSU,2006-01-07T22:01:00Z,/espectaculos/2006/01/07/toquinho-en-el-casino-de-vina.html
UCG2PRAFURB65FRDNAHDUA3JEM,2006-01-07T23:01:00Z,/espectaculos/2006/01/07/loveparade-after-party.html
5DJ2WO3QUBDD5GWXFJFICCL7Z4,2006-01-11T21:01:00Z,/espectaculos/2006/01/11/santiago-a-mil-cocinando-con-elvis.html
UWFJB3WFXZEUHOB4F3AOGBUI7U,2006-01-12T19:01:00Z,/espectaculos/2006/01/12/inauguracion-expo-diversidad-de-pablo-godoy.html
LAXODCEDBBA6DOH3GDL4JVKLO4,2006-01-12T19:01:00Z,/espectaculos/2006/01/12/fantasmatic-9-artistas-jovenes-chilenos.html
MMJ47MMXRNEITNCGJPD5KEERWA,2006-01-12T19:01:00Z,/espectaculos/2006/01/12/inauguracion-de-expo-sofia-donovan.html
YZN5TBKDKNGSDGPDHY66ULFBBE,2006-01-12T21:01:00Z,/espectaculos/2006/01/12/santiago-a-mil-cuerpo.html
L2MU5QBQGBH6NPESHNXACBOTLE,2006-01-12T21:01:00Z,/espectaculos/2006/01/12/fiesta-lanzamiento-disco-casino-royale-de-makiza.html
JA6UOTXZCBADJL2WJV4O66SOIU,2006-01-13T21:01:00Z,/espectaculos/2006/01/13/ex-sexual-democracia-lanza-dvd.html
FCQTZNTZOJEOPD4CDCY6VT35MU,2006-01-13T23:01:00Z,/espectaculos/2006/01/13/ud-no-en-bye-bye-loreto.html
FOPLS3MWNZAW3MPEGVCU4DPH7Y,2006-01-13T23:01:00Z,/espectaculos/2006/01/13/noche-de-divas-cumple-7-anos.html
PR72XOM7GFFJLPU5K2GASJNHWY,2006-01-14T20:01:00Z,/espectaculos/2006/01/14/santiago-a-mil-celeste-flora.html
GHGUEDQDJNANLO4WWAXOUBZEJI,2006-01-14T21:01:00Z,/espectaculos/2006/01/14/butoh-danza-japonesa.html
O55X6ZQKPZAWHDTOJ346JESEHY,2006-01-17T20:01:00Z,/espectaculos/2006/01/17/santiago-a-mil-angel-de-la-muerte.html
4YGOGIPNX5HXDCR574ZCGY6UZA,2006-01-18T16:01:52Z,/espectaculos/2006/01/18/el-leon-la-bruja-y-el-ropero.html
FWRFIUSWGJDF7JDUYSD3OVGFSM,2006-01-18T21:01:00Z,/espectaculos/2006/01/18/dulce-pajaro-de-juventud.html
QOGNKD5CFZBJ5I54A4OID2RK4M,2006-01-18T21:01:00Z,/espectaculos/2006/01/18/la-renga.html
M7RSK7UIABCH3O43HEJAQP6U7E,2006-01-19T20:01:00Z,/espectaculos/2006/01/19/estreno-documental-80s-en-festival-inedit.html
BJPCRFCX2BHDVEPKMAWNQFCA2Q,2006-01-19T21:01:00Z,/espectaculos/2006/01/19/santiago-a-mil-12-000-001-k.html
H273OGVVJJDOBO3JNXTGKP2FKE,2006-01-21T19:01:00Z,/espectaculos/2006/01/21/the-eternal-idols-2.html
EWGGF7FJQNDZHHP443FEE5OVYI,2006-01-21T21:01:00Z,/espectaculos/2006/01/21/sundeck-2006.html
PXER2EGEYBBPNBMITMZMA6XFCQ,2006-01-21T22:01:00Z,/espectaculos/2006/01/21/cristal-en-vivo-en-coquimbo.html
YR4WUAZDSZDXRO2GS5IETIQBYE,2006-01-22T21:01:00Z,/espectaculos/2006/01/22/santiago-a-mil-antigona.html
H5IIIKJ5TNEJJMCUXMXEWNAU3Q,2006-01-23T16:01:00Z,/espectaculos/2006/01/23/sala-inoxidable-neopop-pinturas-de-claude-mansuy.html
33HBKGA4JRFSLMGJZBGXJRJRGY,2006-01-26T18:01:00Z,/espectaculos/2006/01/26/dreamscape-festival.html
5W6FW4ZL4FFMXKNRVDTXOW45IM,2006-01-26T19:01:50Z,/espectaculos/2006/01/26/el-jardinero-fiel.html
YQZJTTEMMFC33F3KWWPSSRH3TQ,2006-01-26T23:01:00Z,/espectaculos/2006/01/26/televisa-en-pop-action.html
VCEZQRXXNFHNZEJGKC53VDWB6A,2006-01-27T12:01:00Z,/espectaculos/2006/01/27/bowling-for-columbine-en-video.html
XHYT5FWBX5BHXC62WGPBLCTLSE,2006-01-27T17:01:00Z,/espectaculos/2006/01/27/gratis-danza-en-tiemporeal.html
LIIAIRZZ6VEHDINTUVJ75J5DEA,2006-01-27T21:01:00Z,/espectaculos/2006/01/27/exhibicion-de-cortos.html
5MCUQU6ZLRHMHOSLVN6FKVTVY4,2006-01-27T21:01:00Z,/espectaculos/2006/01/27/congreso-en-vivo.html
YXDNAWAGABBYLENVSNKKBP5FUQ,2006-02-01T20:02:09Z,/espectaculos/2006/02/01/eima-noche-final-01.html
PBLRBYJCHFAK7PIW3AEEQ2QGYY,2006-02-02T20:02:28Z,/espectaculos/2006/02/02/eima-noche-final-02.html
DUXTSEXJG5FLNMBIJMCZITDXSY,2006-02-02T23:02:00Z,/espectaculos/2006/02/02/despedida-a-ricardo-villalobos.html
4BB435GBPJG4BHP4ZMZQV3QJSA,2006-02-03T23:02:00Z,/espectaculos/2006/02/03/divas-y-granjeros-en-kmasu-club.html
JPREA3BUOJDOHMMTEEPY4PMY2E,2006-02-03T23:02:52Z,/espectaculos/2006/02/03/dance-to-the-underground-6.html
J7MKXD6U4NBQPMQPN3EPGZWJ6E,2006-02-04T17:02:15Z,/espectaculos/2006/02/04/cazuza-o-tempo-nao-para.html
UQXBHTMMSVAY3A35LDEY3POLE4,2006-02-05T19:02:00Z,/espectaculos/2006/02/05/teatro-gratis-el-ingenioso.html
ER5M6JM2UNCMLIEUGXQKN3XZ7E,2006-02-06T22:02:00Z,/espectaculos/2006/02/06/babasonicos-en-la-batuta.html
3YZVRYK6PJA4VDTEYK6GDCQER4,2006-02-10T21:02:00Z,/espectaculos/2006/02/10/saian-supa-crew-en-chile.html
Q6262YNN6RCAPAFOG7PLQS5BT4,2006-02-11T21:02:00Z,/espectaculos/2006/02/11/saiko-en-tour-cristal.html
PASNPRNMJ5CNNAAE5QBPQFF2RA,2006-02-11T23:02:00Z,/espectaculos/2006/02/11/babasonicos-en-llolleo.html
44YX2YS46ZHDXEHCSKVM4ICVEY,2006-02-11T23:02:00Z,/espectaculos/2006/02/11/liquid-veraniega-regalamos-una-entrada-doble.html
LPZKF4WQRVBAVABTPAMNK74IZE,2006-02-11T23:02:00Z,/espectaculos/2006/02/11/popfest.html
CILU4R2GMBGXPM4GINV7PX3WO4,2006-02-12T20:02:00Z,/espectaculos/2006/02/12/sundays-by-playboys-gay-dance-sessions.html
Q7K2CR3FORHYRO6JFL7AB5MWSE,2006-02-13T20:02:00Z,/espectaculos/2006/02/13/la-invencion-de-cronos.html
K7REYA72XBA2NMLSO2SXRA6PLU,2006-02-15T18:02:00Z,/espectaculos/2006/02/15/papa-salio-en-viaje-de-negocios.html
3P3UFZ3SGJHAZNL3S4CADJMELE,2006-02-16T20:02:00Z,/espectaculos/2006/02/16/pride-prejudice.html
HRTHNFUAHVEQFLYAC3FLIWAC5A,2006-02-16T20:02:00Z,/espectaculos/2006/02/16/muza-en-vina-del-mar.html
HRXMWM54ONF5FDIS3ZMWRLC4PY,2006-02-16T23:02:00Z,/espectaculos/2006/02/16/fiesta-dijous.html
BACWK5BI6VAKNN55TKDKFGRFGU,2006-02-17T23:02:00Z,/espectaculos/2006/02/17/fiesta-en-santo-domingo.html
JN6NGZXRZRAY7G4YUJBUC324J4,2006-02-18T16:02:08Z,/espectaculos/2006/02/18/solo-con-tu-pareja.html
RE3J6A5UJNCT7CFLJTS7J3E3KA,2006-02-18T19:02:00Z,/espectaculos/2006/02/18/demufest-en-concon.html
L6P4OTIEDFHIBF7HDPRYYSCEH4,2006-02-18T22:02:00Z,/espectaculos/2006/02/18/secreto-en-la-montana-preestreno.html
N6CTDESLA5FALN4MHED3RTUTDY,2006-02-18T23:02:00Z,/espectaculos/2006/02/18/dj-raff-en-llolleo.html
IBVDBB6NLNERHORLNQOFUZMWUE,2006-02-18T23:02:00Z,/espectaculos/2006/02/18/california-sessions-sandra-collins-vello-virkhaus.html
3R2HWM3WMRBG3IN4MA2GOGJPWA,2006-02-20T18:02:00Z,/espectaculos/2006/02/20/dias-de-campo-de-raul-ruiz.html
4S6PV7TF2FH35MY25HPYVPDXBQ,2006-02-22T23:02:00Z,/espectaculos/2006/02/22/hermanos-brothers-c-funk-en-el-litoral-central.html
EUWTNPCJ3JBRZKWKVAU5A42D44,2006-02-22T23:02:00Z,/espectaculos/2006/02/22/redulce-kinder-porno-en-ciclo-pop-action.html
WQ6Q5T7S2NAXJOO7VWJYOKNDYE,2006-02-24T23:02:00Z,/espectaculos/2006/02/24/fiesta-extravaganza.html
2QOC2CLVE5EB5IIMA4LUGFGPDI,2006-02-25T21:02:17Z,/espectaculos/2006/02/25/smoking-room.html
JIQYU6TTJ5EKVNLIICNH3V662Y,2006-02-26T19:02:00Z,/espectaculos/2006/02/26/u2-en-chile-2006.html
EHN6BMIQKZF3XIAAYSHUM3JUTE,2006-02-28T18:02:00Z,/espectaculos/2006/02/28/invitacion-a-documental-sobre-salvador-allende.html
ENE23DZTFFALZISGGQX5Q2P23U,2006-03-01T21:03:00Z,/espectaculos/2006/03/01/sin-bandera.html
GQYNXAZX3JAI3LNCOTVQ6OGKAA,2006-03-02T21:03:00Z,/espectaculos/2006/03/02/ricardo-montaner.html
POXJGIRXJZEBJK5TJ2CBHXVNRE,2006-03-02T23:03:00Z,/espectaculos/2006/03/02/welcome-back-con-philip-sherburne-y-original-hamster.html
LRLYTACEPFHOLGBR5BKNTINZQI,2006-03-03T23:03:00Z,/espectaculos/2006/03/03/fiesta-demence.html
T4DWCFA3GBABXIQCMRJXJF4B5I,2006-03-03T23:03:00Z,/espectaculos/2006/03/03/fiesta-casa-del-puente-discos.html
YYFAM75STFDZVOAJUG5PPMLWOU,2006-03-03T23:03:00Z,/espectaculos/2006/03/03/muza-en-el-clan.html
7QVM5C5I3NFYNDBMAWWARZK5PI,2006-03-04T17:03:43Z,/espectaculos/2006/03/04/buenas-noches-y-buena-suerte.html
BF43JE6YLBGX3HCRBBGN3E7XF4,2006-03-04T20:03:00Z,/espectaculos/2006/03/04/expo-sound-sound-sound.html
P26NVGU5C5E53NWDHJU7CBQURM,2006-03-04T21:03:00Z,/espectaculos/2006/03/04/marco-antonio-solis-en-chile.html
CB34B4QG4BDIBB7OYQVMZ2ZAV4,2006-03-04T22:03:00Z,/espectaculos/2006/03/04/globalfest-y-los-ganadores-son.html
BOKSPMGIJJA7TP4UKFUZOXJE4Q,2006-03-04T23:03:00Z,/espectaculos/2006/03/04/liquid-8-back-to-the-city-tenemos-ganador.html
IU4OTFS5G5CIZINLOG6MDGQLX4,2006-03-05T17:03:00Z,/espectaculos/2006/03/05/teatro-gratis-la-flauta-magica.html
U725DSDVRZAGNCGZ3GRPUX56EQ,2006-03-05T18:03:00Z,/espectaculos/2006/03/05/saiko-en-vivo.html
2KY627TIEVDEHIZHRRJYQH3I3M,2006-03-05T22:03:34Z,/espectaculos/2006/03/05/premios-oscar-2006.html
L44IEPJFZFBSHMKXQY2K6TFBQM,2006-03-08T18:03:00Z,/espectaculos/2006/03/08/millencolin-e-inestable.html
IHY2XJQWBVAWXK7QUF4JPHKCUU,2006-03-08T21:03:00Z,/espectaculos/2006/03/08/the-gathering.html
FZB56GFUJ5BC7BL7OQJPT4PYMA,2006-03-09T21:03:00Z,/espectaculos/2006/03/09/santana-en-chile.html
NLLHQVQBSVCT3KUTZ3BM6G2FCA,2006-03-10T22:03:00Z,/espectaculos/2006/03/10/atencion-funkeros-y-funkeras-de-santiago.html
YLCWYR32I5EOBFGCBNGYJR56DE,2006-03-10T22:03:00Z,/espectaculos/2006/03/10/bar-onaciu-inauguracion-temporada-2006.html
2XNRYE4UPZGFDBJPA6XWU6P5KI,2006-03-10T23:03:00Z,/espectaculos/2006/03/10/fiesta-top-secret.html
V2NDQE4LNRBGZDYS42QDOINTS4,2006-03-11T21:03:00Z,/espectaculos/2006/03/11/primer-recital-de-chc-de-la-temporada-santiaguina-2006.html
6VW4JVQMURBXRL6GY7Y2TVCDSY,2006-03-11T23:03:00Z,/espectaculos/2006/03/11/lemon-tributo-a-u2.html
VZXGMPSFPVCWFAQAEHSHVXCTIQ,2006-03-11T23:03:00Z,/espectaculos/2006/03/11/fiesta-gratis-en-el-subterraneo.html
5PLUUIWXDBFNHCM6Q54FD4URKM,2006-03-12T21:03:00Z,/espectaculos/2006/03/12/oasis-en-chile.html
TQNWQNKUMNA77ENYBIT4THLDKM,2006-03-13T12:03:00Z,/espectaculos/2006/03/13/umbrales-expo-egresados-uc.html
2ZL5TQFSPBHP5P27YJKLXDI7FE,2006-03-14T18:03:00Z,/espectaculos/2006/03/14/documental-la-guerra-del-gas-en-bolivia.html
LRUCFPTYC5F4LD7IJ7GCOEIJCI,2006-03-14T23:03:00Z,/espectaculos/2006/03/14/fiesta-a-beneficiencia-en-la-feria.html
UVWYHSQAJ5F4HM7LWMZ6WTTRLU,2006-03-15T17:03:55Z,/espectaculos/2006/03/15/capote.html
4L3NF7RMYFAGRLCYGDOZQWXP2Y,2006-03-16T21:03:00Z,/espectaculos/2006/03/16/encuentro-con-guillermo-kuitca.html
A6U7OY3HHNFGHBNRCORGLDG3JI,2006-03-16T23:03:00Z,/espectaculos/2006/03/16/amongelatina-en-la-batuta.html
YDPPFWLPQJGBDNLGVVN422AXAA,2006-03-17T20:03:00Z,/espectaculos/2006/03/17/primer-festival-de-cine-en-bicicleta-dia-1.html
SAVZTDLOONG5BKXSD52ZDSF2ZE,2006-03-17T21:03:00Z,/espectaculos/2006/03/17/casanova-en-sala-scd.html
BQLEQP352FFFXASOQ2JBKNV4ZA,2006-03-17T22:03:00Z,/espectaculos/2006/03/17/laurent-garnier-en-chile.html
GF327FNIINA4FMGH2XQDNZTP3E,2006-03-17T23:03:00Z,/espectaculos/2006/03/17/lulu-jam-en-cumbre-electro-pop.html
2WJWMLVLBZBHJF4443XZF3CPZQ,2006-03-17T23:03:46Z,/espectaculos/2006/03/17/dance-to-the-underground-7.html
Z5DXNWOGU5HXJOM4ISJL3ZHICY,2006-03-18T20:03:00Z,/espectaculos/2006/03/18/primer-festival-de-cine-en-bicicleta-dia-2.html
NLJRHTH4QNG4FDLJEGS57R75QY,2006-03-18T23:03:00Z,/espectaculos/2006/03/18/vuelven-las-babylon-night-tenemos-ganadores.html
IZVHMQO5PNGUTKR4UMTSOY4RYY,2006-03-22T23:03:00Z,/espectaculos/2006/03/22/jiminelson-teleradio-donoso.html
XZYS2AZSBJDJDAY6XMO6MDB3MM,2006-03-23T23:03:00Z,/espectaculos/2006/03/23/fiesta-universitaria-uc.html
MTZJCUBI5VB5DMDYMFGGUSJM2M,2006-03-24T21:03:00Z,/espectaculos/2006/03/24/manu-chao-tombola-tour.html
NP6SF3FMG5DDDG2SLVORHVXWAQ,2006-03-24T23:03:00Z,/espectaculos/2006/03/24/fiesta-galeria.html
RRM5FMX57JFOHFMCK7ZM7QOYYI,2006-03-24T23:03:00Z,/espectaculos/2006/03/24/innervision-mad-dirty-utopic-beats-regalamos-dos-entradas-dobles.html
M4T2O42H3BHCFHB2WMTKMO7WRM,2006-03-25T21:03:00Z,/espectaculos/2006/03/25/lanzamiento-primer-cd-grupo-vegas-copias-gratis-para-lectores-de-saborizante.html
NOSF4HTNDZAP7HMRM6IWQWZKBA,2006-03-25T21:03:00Z,/espectaculos/2006/03/25/andres-condon-en-concierto.html
7N4ELMVEGFBJDC7KWTXB37HVO4,2006-03-28T20:03:00Z,/espectaculos/2006/03/28/lanzamiento-libro-de-andrea-moro.html
WQ2XZMJOTZF5DEBCGAE4T5QAJI,2006-03-29T21:03:00Z,/espectaculos/2006/03/29/panico-en-chile.html
46I7KTMAI5FHPNXH2E27FVBB2A,2006-03-30T19:03:00Z,/espectaculos/2006/03/30/inauguracion-exposicion-abyayala.html
LJLPS34ACFGSXB7AMPBHSQJR5E,2006-03-30T22:03:00Z,/espectaculos/2006/03/30/tio-lucho-jiminelson.html
HOLAPYOLOZAJ3NSHKS3USUR6YU,2006-03-30T23:03:31Z,/espectaculos/2006/03/30/fiesta-con-panico-djs-en-la-perrera.html
4NEMSWJUK5DNTCPVUXZD4FZJDY,2006-03-31T21:03:00Z,/espectaculos/2006/03/31/the-rasmus-en-chile.html
K7BSO4QLEFFTPN3ML36ES4C524,2006-03-31T23:03:00Z,/espectaculos/2006/03/31/matekemata-en-chile-y-fiesta-fiesta-fiesta.html
JONWQGT4JFD7FCHFHQIZHXDSWA,2006-04-01T21:04:00Z,/espectaculos/2006/04/01/lanzamiento-nuevo-single-de-makiza-amar-es-solo-amar.html
6DVDDYAYRZEAHB5FA2VRCD3QKU,2006-04-01T21:04:00Z,/espectaculos/2006/04/01/mago-de-oz.html
JBL526VQUNHE5F4QU6WBBDVGOA,2006-04-01T23:04:00Z,/espectaculos/2006/04/01/fiesta-liquid-9-ya-hay-ganadores.html
2OM5MTWWDVHZDCA7NN6HZOWHDM,2006-04-04T17:04:00Z,/espectaculos/2006/04/04/helloween-en-chile.html
U4ASU323I5DORFOU5XBVVHEF7Y,2006-04-04T18:04:00Z,/espectaculos/2006/04/04/documental-la-deuda-de-los-dictadores-gratis.html
4XRUIZVS2ZDEDKTH7ZQYSLWRXY,2006-04-06T19:04:00Z,/espectaculos/2006/04/06/lanzamiento-del-libro-arte-y-vino.html
BSOJ5ZT2KVCRPN2YF4GE4CCPGE,2006-04-06T21:04:00Z,/espectaculos/2006/04/06/joaquin-sabina-en-chile.html
RHDKMRBMNRFXZE734BOLNLI6DQ,2006-04-06T23:04:00Z,/espectaculos/2006/04/06/yaia-en-el-onaciu.html
DX2TTAWAO5APJJ4NSAI7C2LWGE,2006-04-07T21:04:00Z,/espectaculos/2006/04/07/joaquin-sabina-en-chile-dia-2.html
32G3JY5B6ZBOVIG6NSXUCP2J54,2006-04-07T21:04:00Z,/espectaculos/2006/04/07/donna-regina-en-chile-tenemos-ganadores.html
3QA4JALCVRAR5FMG2HXH74TCOI,2006-04-08T19:04:00Z,/espectaculos/2006/04/08/inauguracion-muestra-de-pintura-en-valparaiso.html
UZDB7GK5YFCGVBYVWV4G5CV2YI,2006-04-08T20:04:00Z,/espectaculos/2006/04/08/leaves-eyes-y-atrocity.html
GX5J7DVPHJESTDG5MOAYZR233E,2006-04-11T18:04:00Z,/espectaculos/2006/04/11/documental-estadio-nacional-gratis.html
7RDEHGWW7JHQREUPE532LE3L6I,2006-04-12T23:04:00Z,/espectaculos/2006/04/12/fontanabeat-en-vivo.html
R6JKOEFC3ZHFDNUFMK5BNNRDEA,2006-04-13T21:04:00Z,/espectaculos/2006/04/13/hoy-en-quinto-sol-orixango-tony-mass-y-she-dj-masaya.html
IM6TDK7SDFDXDMVMQNGASEY23Q,2006-04-13T22:04:00Z,/espectaculos/2006/04/13/c-funk-lanza-su-primer-disco-como-solista-joya.html
6REW5IJIWFH5ZARQ7DC7QZEJX4,2006-04-14T23:04:00Z,/espectaculos/2006/04/14/technologic-electric-rock-fest.html
HBWRS2VFPVDODC36DRFYZOB2MU,2006-04-15T22:04:00Z,/espectaculos/2006/04/15/jiminelson-fiesta.html
WPGHEDJW2FASPNE637HNL5KGEY,2006-04-18T19:04:00Z,/espectaculos/2006/04/18/inauguracion-de-muesta-de-pintores-jovenes.html
Y2XV2GHXVRFTXB4XDVNM4DJCAA,2006-04-19T21:04:00Z,/espectaculos/2006/04/19/drum-bass-en-micro-club-am.html
NU7SMT6KBZCWZKGCHSEC77W7D4,2006-04-20T21:04:00Z,/espectaculos/2006/04/20/tio-lucho-bellyco.html
OLWPXD54ORHNHL74OIR7O5IQME,2006-04-21T21:04:00Z,/espectaculos/2006/04/21/t-a-t-u-en-chile.html
TXNEVKNLMNH2XDKZ5UIVLMJA5Y,2006-04-21T21:04:00Z,/espectaculos/2006/04/21/kudai-en-valdivia.html
NUPM4ROTFBEO5JROBHM7DNP2LU,2006-04-21T22:04:00Z,/espectaculos/2006/04/21/entre-rios-en-chile.html
EM2NGXNMKZDOJBR4DDDTMC2VGU,2006-04-21T23:04:00Z,/espectaculos/2006/04/21/fiesta-helipuerto-san-francisco.html
RRJ7T4D7PFFPDC7UNC5P47XAAE,2006-04-22T10:04:00Z,/espectaculos/2006/04/22/la-gran-fiesta-de-las-vespa-gratis.html
BSBIVMJP6JATRKPIRIG5X7LVSU,2006-04-22T18:04:00Z,/espectaculos/2006/04/22/cine-sobre-skaters-al-aire-libre-y-gratis.html
TIFU7XJFPNCVRF5ESXJ4WNNWUI,2006-04-22T21:04:00Z,/espectaculos/2006/04/22/kudai-en-temuco.html
HWEAL4KP2NCUXH6C7Q4SE5NHUU,2006-04-22T23:04:00Z,/espectaculos/2006/04/22/blondie-saiko-en-sensuality-fashion.html
5K55NQ2P25CBLCEUWXR25Q5GGQ,2006-04-23T18:04:00Z,/espectaculos/2006/04/23/legendarios-del-reggae-en-vivo-tosh-meets-marley-suspendida-gira-por-america-latina.html
PZQEIUEL7RHTZLVCHVZU3ZUBWI,2006-04-24T19:04:00Z,/espectaculos/2006/04/24/cine-cubano-en-el-montecarmelo.html
TMAGGP6XBRCHHPXM7JXBC3D37I,2006-04-24T21:04:00Z,/espectaculos/2006/04/24/ultimo-concierto-de-paulina-croze-en-chile.html
3P2IPHZ2Q5FPRJ5Q5F2C46AOLM,2006-04-25T12:04:00Z,/espectaculos/2006/04/25/las-tortugas-tambien-vuelan.html
U3ZRCKR5BBEH7IDEZIBTFCBAAM,2006-04-26T21:04:00Z,/espectaculos/2006/04/26/dj-wask-tressor-en-sala-master.html
JL5BDLBT4JACXDN7J6JWL73GWE,2006-04-27T13:04:00Z,/espectaculos/2006/04/27/chc-tiro-de-gracia-fiskales-ad-hoc-y-otros-en-gran-festival-callejero-de-la-chile-gratuito.html
UEBNQDY56BFXHHDW4Y4LPQIK7I,2006-04-27T23:04:00Z,/espectaculos/2006/04/27/fiesta-gratis-en-el-vitamina.html
65LRKD2SXZHNNHHHG7VVMKRWCY,2006-04-27T23:04:00Z,/espectaculos/2006/04/27/alamedas-en-la-batuta.html
KAVZNB3TFVGPDJ6LYDKOAVLWSE,2006-04-28T16:04:00Z,/espectaculos/2006/04/28/concurso-infected-mushroom-en-chile-regalamos-2-entradas-dobles.html
26DHGZW6TNCCZPIXTHZPMAJHOY,2006-04-28T23:04:00Z,/espectaculos/2006/04/28/fiesta-play-solo-con-miguel-tutera-y-rikpa-regalamos-3-entradas-dobles.html
HCMB77HKBVGB5L5VI4HUAM6L7Q,2006-04-29T23:04:00Z,/espectaculos/2006/04/29/banda-argentina-de-reggae-en-el-onaciu.html
AT7WUPGL5ZAOZO6CM22RD2KIRQ,2006-04-29T23:04:00Z,/espectaculos/2006/04/29/dance-to-the-underground-8.html
VRVQSY6YNJBBNGMOS6WRXJ7COY,2006-05-02T19:05:00Z,/espectaculos/2006/05/02/matilde-perez-gustavo-poblete-en-galeria-stuart.html
YCNF46FFV5CGXDULZSRSUXXCPY,2006-05-04T19:05:00Z,/espectaculos/2006/05/04/inauguracion-muestra-de-pintura-especies-de-espacios.html
HOKUKKCUWJESZP4LBNMQR36HVE,2006-05-04T23:05:00Z,/espectaculos/2006/05/04/wave-deluxe-remix-soundsystem-gratis-si-sigues-los-pasos.html
AZU5GYVOIRHZPOVYVK25SG2LV4,2006-05-05T23:05:00Z,/espectaculos/2006/05/05/fiesta-en-el-ex-sarita-colonia.html
5US6XMHZZJB7JOU6FPYUCWLC6I,2006-05-05T23:05:00Z,/espectaculos/2006/05/05/waajeed-en-chile.html
FS332GFGBNBSHODA3PRLOAOBZM,2006-05-05T23:05:00Z,/espectaculos/2006/05/05/kinder-porno-fiesta.html
VLEMOHYWJVGPVOQXOGSAK376H4,2006-05-06T23:05:00Z,/espectaculos/2006/05/06/fiesta-liquid-10-regalamos-tres-entradas.html
JVDMMW7RLNCZNCRAQU3BLUCE7I,2006-05-06T23:05:00Z,/espectaculos/2006/05/06/groove-night-vol-2.html
22HU5VHJAVBKRMJTENFVL7BJSE,2006-05-09T19:05:00Z,/espectaculos/2006/05/09/documental-la-guerra-del-gas.html
IMX22IIZLBHSDKYYB64KQB4GYQ,2006-05-09T19:05:47Z,/espectaculos/2006/05/09/cine-gratis-en-providencia.html
46UMD57VLJF5DJFI72KJV5CSZ4,2006-05-11T19:05:00Z,/espectaculos/2006/05/11/inauguracion-muestra-de-pintura-siete-miradas.html
CJLZHLRKYJAX5OJKF7HZXIRVA4,2006-05-11T19:05:00Z,/espectaculos/2006/05/11/conciertos-sacros.html
PI7MOP75RFBGHFZ427YBYWGNFY,2006-05-12T22:05:00Z,/espectaculos/2006/05/12/habemus-amorio-galpon-9exoz.html
P5OMY4OHYVCV5IIRGBMIFQ3FX4,2006-05-12T23:05:00Z,/espectaculos/2006/05/12/matias-aguayo-en-chile.html
AX6GI34MPBCOVF2MYEBUKUNEXI,2006-05-12T23:05:00Z,/espectaculos/2006/05/12/fiesta-biologia-marina-de-la-usach.html
LGBBOTBNRZALNLIZHPAU2PDRQM,2006-05-13T23:05:00Z,/espectaculos/2006/05/13/fiesta-pro-fondos-el-claneta-diario-oficial-del-clandestino.html
LS3BQYXNLBH55H5GEZ6DW33RWA,2006-05-14T11:05:00Z,/espectaculos/2006/05/14/feria-de-nuevas-tendencias.html
4HUMB3ED7JGNBMXIT6FSVKTEZ4,2006-05-15T19:05:45Z,/espectaculos/2006/05/15/cine-gratis-en-el-montecarmelo.html
ZVMZGMLSF5H6PKS2AJKUKVZERM,2006-05-16T12:05:35Z,/espectaculos/2006/05/16/expo-de-nader-sukni.html
N46DS3FBYNH27JEP7OTWFRXIVM,2006-05-16T22:05:00Z,/espectaculos/2006/05/16/desdedida-de-matias-aguayo.html
YJK7IW7AYFBAJGDC63JV4DKGSU,2006-05-18T18:05:47Z,/espectaculos/2006/05/18/delirart-colectivo-de-arte.html
B6G3NR5Z7JBZ5JXYXVYM2SOEOM,2006-05-18T19:05:00Z,/espectaculos/2006/05/18/expo-sustancia-y-accidente-de-maria-ignacia-fell.html
44EEMEBMMRB6TBETBWBXEOWWVU,2006-05-18T23:05:50Z,/espectaculos/2006/05/18/city-vibes-dj-raff-original-hamster.html
BNZUIWQQVBAQVBDNIL7WH7C6ZQ,2006-05-19T23:05:00Z,/espectaculos/2006/05/19/fiesta-en-disco-plaza-italia.html
CVBAWYY47BCQJPOKZ5Z5RYRBAY,2006-05-20T23:05:40Z,/espectaculos/2006/05/20/dance-to-the-underground-9.html
XFYDKAJR3VGKBDNOMY3HJG42UE,2006-05-20T23:05:44Z,/espectaculos/2006/05/20/phajcha-lounge-club-boys-only.html
AXIG73BGC5HHRI3URDVAVIG27I,2006-05-21T12:05:29Z,/espectaculos/2006/05/21/ultra-fashionista-fotos-de-sebastian-sepulveda.html
AEMNN47WLJBJHJO3EHYC5ZBKIQ,2006-05-21T19:05:00Z,/espectaculos/2006/05/21/yo-y-you.html
66AEKZ7X7BFOVBCYZYZFY4MAM4,2006-05-21T21:05:00Z,/espectaculos/2006/05/21/ataque-77-en-concepcion.html
ETS3LW4U5FFEZBNHU57ZE3FZZY,2006-05-23T18:05:00Z,/espectaculos/2006/05/23/documental-sobre-las-etnias-del-norte.html
57VAY4KVF5DK3KFHE2ZXPVYMV4,2006-05-24T20:05:00Z,/espectaculos/2006/05/24/exposicion-de-alvaro-giron.html
TWHN2GUKYRDVDDVIF5WPSNMREI,2006-05-25T19:05:00Z,/espectaculos/2006/05/25/encuentro-de-musica-sacra.html
FNGKA6LCIFDXRJLZPSMNHHLESA,2006-05-25T19:05:00Z,/espectaculos/2006/05/25/expo-de-francisca-valdes-y-constanza-levine.html
3XG2YOAHJVDMRLTOPXZGVY7BTM,2006-05-25T21:05:00Z,/espectaculos/2006/05/25/los-gatos-del-swing-2.html
OC4UFQBA5ZDPJBVA5BWVQTNJT4,2006-05-26T23:05:00Z,/espectaculos/2006/05/26/fiesta-pro-flaite.html
5JHT5YKZZRDZ5O4ORU6R5AHX3Y,2006-05-26T23:05:00Z,/espectaculos/2006/05/26/fiesta-bowling-jiminelson.html
WOLKOSNFDFF7LJDMZNSBEBBOJU,2006-05-26T23:05:11Z,/espectaculos/2006/05/26/seo2-anita-tijoux-en-galpon-9.html
XT3MHNJOR5D4BOW5GKAXH336CQ,2006-05-27T20:05:00Z,/espectaculos/2006/05/27/gurus-jazzmatazz-y-sfdk-en-chile.html
VWHSXAHCV5ACBGXEKPJXZEYAF4,2006-05-27T20:05:00Z,/espectaculos/2006/05/27/paradise-lost-en-chile.html
SQYK2VUBEJH2JONIGVCBRI565U,2006-05-27T21:05:00Z,/espectaculos/2006/05/27/noche-de-divas-los-ganadores-son.html
WNDBNDSKOVC3PHPWNR5I5A6H3Q,2006-05-30T18:05:00Z,/espectaculos/2006/05/30/documental-a-la-izquierda-del-jaguar.html
KFNCULNNXRA7NJ6OUZZAE4OS3A,2006-05-30T19:05:33Z,/espectaculos/2006/05/30/expo-francisca-sutil-en-el-mnba.html
ZNRG6RKZQ5H55PNONRMLEXBVRI,2006-05-31T18:05:00Z,/espectaculos/2006/05/31/barbie-ghraib-la-barbie-torturadora-en-valparaiso.html
YTB7ZYQC4BGODCXPGQ4JGICQ6I,2006-06-01T18:06:00Z,/espectaculos/2006/06/01/rata-blanca-en-chile.html
4VVPDPQLWZGQ3CJL56YBGQ3AL4,2006-06-01T20:06:00Z,/espectaculos/2006/06/01/andy-timmons-ibanez-army.html
VA4V3W7CCJDLJLAH5YILGNBZ5A,2006-06-01T23:06:00Z,/espectaculos/2006/06/01/she-technics-en-la-ex-fabrica.html
43FAE27S25AUXB6YZJLQY7GQHM,2006-06-01T23:06:00Z,/espectaculos/2006/06/01/lounge-beats.html
FVK6F5RGEVA75A4JYQAW4N4YDI,2006-06-02T23:06:00Z,/espectaculos/2006/06/02/fasat-alfa.html
X7LOLQVOQZFBFCYJP24WW566OE,2006-06-02T23:06:00Z,/espectaculos/2006/06/02/habemus-fiesta-2.html
EIXF62BQZZAJRAQYMGCHBKYQ7U,2006-06-03T21:06:00Z,/espectaculos/2006/06/03/el-otro-yo-en-vivo.html
HUXMLWB7PJHUHMSJZB5JCFDULI,2006-06-03T23:06:00Z,/espectaculos/2006/06/03/ud-no-mano-de-obra-dj-nayeke-dj-caso.html
EU577EJWKBGCREVFWVYG5MLGDM,2006-06-03T23:06:00Z,/espectaculos/2006/06/03/fiesta-liquid-11-regalamos-dos-entradas.html
E2PJT2DFHNACZAPPNAGWVJ4AYE,2006-06-03T23:06:00Z,/espectaculos/2006/06/03/santos-trance-dumont-y-los-ganadores-son.html
O37AA3MFGFCZPEGWZNXYV4W3YY,2006-06-03T23:06:00Z,/espectaculos/2006/06/03/groove-night-vol-3-why-not-club-loungue.html
GAZPMXVD3FEERPCLX5II33DBYY,2006-06-04T11:06:00Z,/espectaculos/2006/06/04/iii-encuentro-de-comics-en-puente-alto.html
2KDIIPQQ4JENXKBEWDSWB6M46I,2006-06-06T21:06:12Z,/espectaculos/2006/06/06/lanzamiento-ramires.html
ALG2RO4STBAORFZMIYMXHDT7ZU,2006-06-07T19:06:00Z,/espectaculos/2006/06/07/mitologias-teatralidades-y-realidades.html
GP46PN7SZJHJZCJL6JIY6EOV7A,2006-06-07T21:06:00Z,/espectaculos/2006/06/07/fontanabeat-h-zero.html
2JBMN4KVDJD4JPGJP5UHGVIU3Y,2006-06-08T19:06:00Z,/espectaculos/2006/06/08/inauguracion-el-paisaje-transformado-de-ariel-flores.html
YAQ4XL62NRGCPE4IASEK62ZH54,2006-06-08T23:06:00Z,/espectaculos/2006/06/08/david-bure-en-groove-subterraneo.html
AB5CXNNNX5DXFMY6T7KRTKFCZ4,2006-06-08T23:06:00Z,/espectaculos/2006/06/08/cartelera-quinto-sol-este-fin-de-semana.html
VXKQWI7QYRD5FPY27KNVEGHPWY,2006-06-08T23:06:00Z,/espectaculos/2006/06/08/clinica-las-brujas.html
X4CWJMTKTVBQRCI4IIIGQ2QMFY,2006-06-09T22:06:00Z,/espectaculos/2006/06/09/ninoboy-calostro-tanque-fiesta.html
2PAYCL7SNRCQNLXIDO4QTWGKM4,2006-06-09T22:06:00Z,/espectaculos/2006/06/09/lanzamiento-disco-tio-lucho.html
RVLDGTKBAJEDXO3LQKU4JPFPAI,2006-06-09T23:06:00Z,/espectaculos/2006/06/09/ud-no-kataix-en-el-clan.html
6FD7T7CDQNFHXCHDCUEJFKCERE,2006-06-09T23:06:00Z,/espectaculos/2006/06/09/fiesta-maitencillo.html
CKPTXDEPBZAYTPBJESQKKPS26E,2006-06-09T23:06:00Z,/espectaculos/2006/06/09/fiesta-santiago-momento-regalamos-3-entradas-dobles.html
7RKI46KON5CGRFGYMNL7CJIXUU,2006-06-09T23:06:37Z,/espectaculos/2006/06/09/dance-to-the-underground-fiesta-mostro.html
OUWTSDQMTBC3JAGJDR3CA3GU2A,2006-06-10T18:06:00Z,/espectaculos/2006/06/10/la-fiesta-de-chile-los-iracundos-tommy-rey-y-cafe-con-leche.html
LYOQVBO675EKJIGLWFR5XOY63E,2006-06-10T21:06:00Z,/espectaculos/2006/06/10/divididos-en-chile.html
4JO5ALGX4BD3NINJOA5ZVQTPOQ,2006-06-11T13:06:00Z,/espectaculos/2006/06/11/expo-keka-ruiz-tagle.html
DCFDMYY44NHQXN3MLEG4RBKO2M,2006-06-11T20:06:00Z,/espectaculos/2006/06/11/querer-teatro-ultra-recomendado.html
RGM22BKHHZDIPKJRCTURNPUUAE,2006-06-12T20:06:00Z,/espectaculos/2006/06/12/daddy-yankee-en-chile.html
EDYDMFW33ZHQVFB6AICMYKJ5OY,2006-06-13T18:06:00Z,/espectaculos/2006/06/13/gratis-documental-pascua-lama.html
DUVCAQQHNZAGVOSGKNBZMUNWSY,2006-06-13T19:06:00Z,/espectaculos/2006/06/13/inauguracion-muestra-de-arte-lecciones-de-anatomia-e-incidentes-levemente-eroticos.html
XCBGEI2RJZHJBOVEESBEL64MKA,2006-06-14T11:06:00Z,/espectaculos/2006/06/14/conferencia-y-documental-fotografa-ami-vitale.html
PEYHCMCIC5DOJNPTN47GIO7HQU,2006-06-14T19:06:00Z,/espectaculos/2006/06/14/gratis-estreno-roma.html
F6C6UCL3VBHZLAT4U6EXFGCIQU,2006-06-15T18:06:00Z,/espectaculos/2006/06/15/recital-de-alamedas-gratis.html
OYC4SXD4XJBTDGDOYJDDX6GTX4,2006-06-15T23:06:00Z,/espectaculos/2006/06/15/fiesta-en-el-subterraneo-2.html
CKXQVOTO35FNXO6QFXSULVRYKE,2006-06-16T20:06:00Z,/espectaculos/2006/06/16/marcos-witt-en-chile.html
33Y3BW46NJFVPF2YFKLMQSBIUY,2006-06-16T21:06:00Z,/espectaculos/2006/06/16/jazzanova-en-chile-dj-set-jurgen-von-knoblauch.html
ZIWA2WMNDBCVRP46PUXUXT7I3M,2006-06-16T21:06:00Z,/espectaculos/2006/06/16/tio-lucho-en-vivo.html
4CDW2PRKS5CALN3EG3EQ7ZXYXM,2006-06-16T21:06:00Z,/espectaculos/2006/06/16/cecilia-echenique-en-concierto.html
O3GCYWX7YBHANAM5R4MXKF2FW4,2006-06-16T23:06:00Z,/espectaculos/2006/06/16/fiesta-funk-night.html
TDTE3DUVCRHAPBFNQ426QV2AVQ,2006-06-16T23:06:00Z,/espectaculos/2006/06/16/fiesta-bowling-y-los-ganadores-de-1-entrada-dobles-son.html
BXJO3ZOD7JBJVGX5SFJQFPSHVA,2006-06-16T23:06:00Z,/espectaculos/2006/06/16/recital-de-vegas.html
CXAIISQJH5CFVG5GL7UTRJYBOU,2006-06-16T23:06:00Z,/espectaculos/2006/06/16/santiago-club-elite-model-y-los-ganadores-de-1-entrada-doble-son.html
M3HI3QEHJVCXFPQVUKUDI5MXGQ,2006-06-17T21:06:00Z,/espectaculos/2006/06/17/media-banda-en-vivo.html
NBAQQT5WRVFGJAAALLBIBMJK3Y,2006-06-17T23:06:00Z,/espectaculos/2006/06/17/computer-rock-en-club-minga.html
ZOCB7N4SUZFA3GLZG4FDMAHHD4,2006-06-17T23:06:00Z,/espectaculos/2006/06/17/fiesta-cassaroja-lab-regalamos-2-entradas-dobles.html
OWXNOGQEF5FE3GA3LNRQB6GUVM,2006-06-17T23:06:00Z,/espectaculos/2006/06/17/fiesta-en-el-bowling-con-nea-y-de-la-selva.html
GTGZBKWQZ5CV3CWBCDXTGOEWEI,2006-06-17T23:06:00Z,/espectaculos/2006/06/17/fiesta-estadio-nacional-y-los-ganadores-de-1-entrada-son.html
R6JELKC4VRB2PL4Y4Y6WBJTENE,2006-06-19T19:06:00Z,/espectaculos/2006/06/19/el-codigo-da-vinci.html
VBUGND6SH5FEBGCFBYUNV4VINI,2006-06-20T18:06:00Z,/espectaculos/2006/06/20/gratis-documental-trashumantes.html
QV4LNLUBIJBTZCLZP4YPH3EAK4,2006-06-21T12:06:00Z,/espectaculos/2006/06/21/concurso-pelicula-touching-the-void-tocando-el-vacio-ya-hay-ganadores.html
MIV22KABEND2LN7YPYO7MPH6VE,2006-06-22T12:06:00Z,/espectaculos/2006/06/22/expo-del-imaginario.html
XS6GCJY7LFBKZHCVUREC37L7A4,2006-06-22T23:06:00Z,/espectaculos/2006/06/22/fiesta-en-el-galpon-9-ya-hay-ganadores.html
BSOZWR2RARDZTKTN6ULWHPZGOQ,2006-06-23T13:06:00Z,/espectaculos/2006/06/23/feria-de-las-pulgas-en-lo-contador.html
JQTYSO4SHVHPRKQIEV2YUZBJ2M,2006-06-23T23:06:00Z,/espectaculos/2006/06/23/computer-rock-en-galpon-9.html
AMIVLPZN6JFNNC2YHKIOE5ZQTU,2006-06-23T23:06:00Z,/espectaculos/2006/06/23/white-fest-en-piso-33.html
6EGASCPPKJDSDK2WHXJ3UH6XGU,2006-06-23T23:06:00Z,/espectaculos/2006/06/23/fiesta-pro-fondos-obra-de-teatro-monumento.html
CNS4O3DDMRALJL42M3HDM4H7UI,2006-06-23T23:06:00Z,/espectaculos/2006/06/23/elektronight-regalamos-ya-hay-ganadores.html
FPCBOIUJENEA5CUGXFZRNACNWI,2006-06-24T17:06:00Z,/espectaculos/2006/06/24/inauguracion-muestra-de-arte-en-alameda-777.html
WCJSAMJGOJCVFIL2N7TKXBHBC4,2006-06-24T23:06:00Z,/espectaculos/2006/06/24/electrofuck-especial-de-miss-kittin-regalamos-5-entradas.html
BA4SZ4SCZBHPVEOUPNIRO7FFIU,2006-06-24T23:06:00Z,/espectaculos/2006/06/24/casino-y-flama-en-el-living.html
6XSXSS67BZCI5JVNPEI2MHBRPU,2006-06-24T23:06:00Z,/espectaculos/2006/06/24/new-moon-trance-04.html
4KSRLZYIKVBPVKETKJAK4GTDSQ,2006-06-25T19:06:00Z,/espectaculos/2006/06/25/groove-deck-00-en-valpo.html
OC46GY7SDNDN7N47Q3YT72ARIE,2006-06-27T18:06:00Z,/espectaculos/2006/06/27/documental-desobediencia.html
P63TOB64XNC55PNELHGVISEFVA,2006-06-28T19:06:00Z,/espectaculos/2006/06/28/inauguracion-en-galeria-animal.html
TG376TIGA5AVHFIRVQ3X2M4JYA,2006-06-29T23:06:00Z,/espectaculos/2006/06/29/hoy-en-el-living-yeti-en-vivo.html
5MAD2ZP35BHBVNQR64TGFRN5OU,2006-06-30T15:06:00Z,/espectaculos/2006/06/30/los-jaivas-chancho-en-piedra-chc-y-otros-gratis.html
RQOLPN2CQFCIVL4GU2CBDZTAPU,2006-06-30T23:06:00Z,/espectaculos/2006/06/30/original-hamster-en-computer-rock.html
4I7PASD6CFAGHI2YPKIKXXTM3I,2006-06-30T23:06:00Z,/espectaculos/2006/06/30/fiesta-melody.html
EAAVWGEKYRCD5IWYDEOZE5K6KE,2006-06-30T23:06:00Z,/espectaculos/2006/06/30/reflejo-live-act-en-el-clandestino.html
LEBG2RDOCRAM5E6KTQRLATTBVI,2006-07-01T12:07:00Z,/espectaculos/2006/07/01/maraton-cultural-de-inoxidable-neopop.html
JF5MRHWGFZGK3A3PUKYFWNREC4,2006-07-01T16:07:00Z,/espectaculos/2006/07/01/encuentro-solidario-para-bailarina-de-orixango.html
S5ZAGF2ZY5FKJKBGELDYB27YPM,2006-07-01T18:07:00Z,/espectaculos/2006/07/01/primer-festival-de-cine-en-bicicleta-version-de-invierno-dia-1.html
7CSO35M2CBBFXLX3J227OY7XWQ,2006-07-01T22:07:00Z,/espectaculos/2006/07/01/fiesta-antipachanga.html
G4UP47EUKZBLNCYZOFGYA5ASHI,2006-07-01T23:07:00Z,/espectaculos/2006/07/01/zenyatta-mondatta-tributo-a-the-police.html
LTGGS2TKHFDL7NQT5M3RS3QDOY,2006-07-01T23:07:00Z,/espectaculos/2006/07/01/dance-underground-en-el-bowling-suspendida.html
KGZVVQUVGFCWFDFTFTEQRMNODY,2006-07-01T23:07:00Z,/espectaculos/2006/07/01/un-ano-de-las-fiestas-liquid-regalamos-3-entradas.html
422C5NNN2BE75LHIDOTQSHUHDM,2006-07-01T23:07:00Z,/espectaculos/2006/07/01/alamedas-en-vivo-2.html
AZHHXKLTM5H4BPPCELUUNCAKXM,2006-07-02T18:07:00Z,/espectaculos/2006/07/02/primer-festival-de-cine-en-bicicleta-version-de-invierno-dia-2.html
UFZKMOMTH5EWLN56O3H5BC3QEE,2006-07-04T18:07:00Z,/espectaculos/2006/07/04/documental-el-fuego-y-la-palabra.html
LIUCERTYMFDZHMX6EITU6C442A,2006-07-05T12:07:00Z,/espectaculos/2006/07/05/pelicula-flores-rotas-broken-flowers-regalamos-10-entradas-dobles.html
XMLIIL2E2FAIRMH26GQUIIYZE4,2006-07-06T19:07:00Z,/espectaculos/2006/07/06/inauguracion-expo-1001-de-nicolas-de-la-puente.html
HWFYSXXQWZA3XCY4N56O7WKLZY,2006-07-06T20:07:00Z,/espectaculos/2006/07/06/lanzamiento-bodega-dardignac-061.html
TDJR3UNLUZFXPHJH7ASYHPUKOU,2006-07-07T20:07:00Z,/espectaculos/2006/07/07/inauguracion-espantagruelico-ex-sarita-colonia.html
EA2G65FLR5AYPEFRXWK42XS7SA,2006-07-07T21:07:00Z,/espectaculos/2006/07/07/alien-project-en-chile-y-los-ganadores-son.html
FU4DQL4PRJA35EFDIPZATCLZKY,2006-07-07T21:07:00Z,/espectaculos/2006/07/07/el-regreso-de-los-tres.html
OCXQKXB7PRD7ZNFFP2SEHVZ6NM,2006-07-07T23:07:00Z,/espectaculos/2006/07/07/compiuters-en-vivo.html
WQRJKAYQARBWDKGUVGJI5ZOTE4,2006-07-07T23:07:00Z,/espectaculos/2006/07/07/black-deluxe-fiesta-de-saloon.html
PX3GGKRD7JDQ7ELGVHGTN6PPCU,2006-07-07T23:07:00Z,/espectaculos/2006/07/07/dorian-en-club-la-feria.html
ASPNZ4ZBDFCFVORB4ZEREYLANM,2006-07-07T23:07:00Z,/espectaculos/2006/07/07/muza-en-blue-bird.html
IL43LPKLU5HZXBC4WL2MLYBISI,2006-07-08T23:07:00Z,/espectaculos/2006/07/08/the-fontana-beat-show.html
LS4UKYO7ERDDBKZNMH3UVDYJNY,2006-07-08T23:07:00Z,/espectaculos/2006/07/08/fiesta-en-el-nautilus-regalamos-10-entradas-dobles.html
YSN2XSATQREA5GN7AJRJMXNTTY,2006-07-09T20:07:00Z,/espectaculos/2006/07/09/obra-de-teatro-desafeccion-regalamos-una-entrada-doble.html
AULNT5VWJRHYVAPJUWFHTFRCFM,2006-07-12T21:07:00Z,/espectaculos/2006/07/12/zikuta-al-love-parade-berlin.html
GAEPPCM3C5FK7EILNDQRRA4N5Y,2006-07-13T19:07:00Z,/espectaculos/2006/07/13/fotografias-de-abelardo-morell-en-museo-de-bellas-artes.html
55NXXBMHX5BFBCFZAHYD5WRN4Y,2006-07-14T23:07:00Z,/espectaculos/2006/07/14/makiza-en-vivo.html
5C67MVD3BVGYVLGVTHYVKNHN3A,2006-07-14T23:07:00Z,/espectaculos/2006/07/14/fiesta-chivas-regal-ya-hay-ganadores.html
UKRGN2NP5NDDNMYFAPQY7T6KNM,2006-07-15T11:07:00Z,/espectaculos/2006/07/15/expo-y-venta-especial-de-arte.html
7KLVYKYXWBDQRKRMTT2PTVIEMY,2006-07-15T23:07:00Z,/espectaculos/2006/07/15/akineton-retard-en-la-batuta.html
LLMWSZZVDVDZ5GMIO6AX56E7V4,2006-07-15T23:07:00Z,/espectaculos/2006/07/15/compiuters-original-hamster.html
PL2B6YOZDZGQ7AYLT43EAUYIIU,2006-07-15T23:07:00Z,/espectaculos/2006/07/15/mano-de-obra-en-exclusiva.html
S4BO7BPI7ZAERIXIM5DVHKUZDY,2006-07-16T20:07:00Z,/espectaculos/2006/07/16/spinetta-en-valparaiso.html
UFKBXVLQ5FB6TE75Y4KUS6ZI5U,2006-07-16T21:07:00Z,/espectaculos/2006/07/16/pork-sundays-en-aura-club.html
CR7NHWBRBFGRLLDAWVDO3DYOZA,2006-07-17T19:07:00Z,/espectaculos/2006/07/17/cine-gratis-el-padrino-ii-parte.html
XS27QR56A5CWTLIAT46S6CU4JQ,2006-07-18T20:07:00Z,/espectaculos/2006/07/18/daikiri-night.html
IYIB5GBOHBDY3FPM7W2YPUAFIM,2006-07-18T21:07:00Z,/espectaculos/2006/07/18/ronnie-james-dio-en-chile.html
BAO4MSAYRRAOFEDBP6CMWTXG44,2006-07-20T19:07:00Z,/espectaculos/2006/07/20/pablo-dominguez-en-mnba.html
O4PBKMD36NFVBOQ7NXDHEIT3XI,2006-07-20T20:07:00Z,/espectaculos/2006/07/20/todos-tus-muertos-en-chile-fiskales-ad-hok.html
SMHTHBUP45HPXARLOW4MXX7VRI,2006-07-20T21:07:00Z,/espectaculos/2006/07/20/nicole-en-concierto.html
WMJYQ3ZL6BAT7EA4MC3H7KNHAQ,2006-07-20T23:07:00Z,/espectaculos/2006/07/20/por-exito-rotundo-se-repite-el-pateo.html
SX5U2SMHBJH67H3T5TTWBI3C3Q,2006-07-21T21:07:00Z,/espectaculos/2006/07/21/sick-of-it-all-en-chile.html
PMJM5BILSZDGNIV5Y55554RQLQ,2006-07-21T23:07:00Z,/espectaculos/2006/07/21/pleasure-night-en-galpon-9.html
XZYK2DJUXNBPVOB3NOFZV4XWAI,2006-07-21T23:07:00Z,/espectaculos/2006/07/21/bright-house-sessions-y-los-ganadores-son.html
4GX5U6HLFBGMPIFTUMQIEQXBVE,2006-07-21T23:07:00Z,/espectaculos/2006/07/21/arkham-cholguan-doblado-for-the-sun.html
TEN56GZ6IREOFLFEOQI2D4TEJQ,2006-07-22T22:07:00Z,/espectaculos/2006/07/22/trovador-diego-dana-en-chile.html
RQY4Y53JXZCR5M7MK6UBNMJ4RY,2006-07-22T23:07:00Z,/espectaculos/2006/07/22/baile-bailar-bailamos.html
XCC773JZ5NAUBI74FFBFDR4YKI,2006-07-22T23:07:00Z,/espectaculos/2006/07/22/electrofuck-2-el-doble-de-turbio-y-los-ganadores-son.html
ESLF4Q7EMJABROZ5KSKTQ4IXLQ,2006-07-24T19:07:00Z,/espectaculos/2006/07/24/cine-gratis-historias-de-nueva-york.html
V27EDANXHJHNZAKDJT2ZDQDYVY,2006-07-25T12:07:00Z,/espectaculos/2006/07/25/pelicula-dias-de-santiago-y-los-ganadores-de-1-entrada-doble-son.html
X7POCQR73JA4BLI4HH22KDLJOQ,2006-07-26T22:07:00Z,/espectaculos/2006/07/26/media-banda-en-catedral-en-coma.html
HL24BILABVCEXKGOSVEBPG3SPE,2006-07-27T20:07:00Z,/espectaculos/2006/07/27/ultimo-dia-antinegro.html
JPPZN6K2ABBFVKA3DW2ADND2OM,2006-07-28T23:07:00Z,/espectaculos/2006/07/28/out-of-control-en-club-piso-33.html
WTCGXMQZUFATXMP2YW2U6TYL3E,2006-07-28T23:07:00Z,/espectaculos/2006/07/28/tuba-tuba-en-club-minga.html
LQO2KAM56VCHLOYYA3IA2IQWNE,2006-07-28T23:07:00Z,/espectaculos/2006/07/28/chc-en-santiago-club.html
EE4AAP6E6VEWRDMPRJ6WJRO254,2006-07-28T23:07:30Z,/espectaculos/2006/07/28/perrosky-en-vivo.html
A52L2NS7YZAJXKHL5B7SZ6CDYQ,2006-07-29T21:07:00Z,/espectaculos/2006/07/29/encuentro-de-musica-electronica-independiente.html
F3ODPR7GEVFB3JKOLSOPC72HHE,2006-07-29T23:07:00Z,/espectaculos/2006/07/29/kinder-porno-en-club-miel.html
TLDQY65EYJF4NM6K7CCNU26CFQ,2006-07-29T23:07:00Z,/espectaculos/2006/07/29/chc-vicente-sanfuentes-rodrigo-jarpa-y-los-ganadores-son.html
6EQ6SNGXFJHU5JG3DQKHJ6A4AQ,2006-07-30T12:07:00Z,/espectaculos/2006/07/30/ultimo-dia-de-elliot-erwitt-en-el-mnba.html
MYSWCVPEEVEM3D7ENE4TNCKADQ,2006-08-01T12:08:00Z,/espectaculos/2006/08/01/pronto-tarnation.html
5FU3BPAUURE5DMSASARIJRNQLY,2006-08-01T19:08:00Z,/espectaculos/2006/08/01/primera-exposicion-fotografica-de-blogs.html
4I7VKGGX3ZEV7OP76O3XVTK7QY,2006-08-02T16:08:00Z,/espectaculos/2006/08/02/libro.html
7LBIWD5HW5HWPGMJFULI5JB6PQ,2006-08-03T19:08:00Z,/espectaculos/2006/08/03/inauguracion-expo-mimesis-de-tomas-nunez-y-vivian-fritz.html
GPPZN7JR7RGXRBT4HEOGCMEIAA,2006-08-03T23:08:00Z,/espectaculos/2006/08/03/no-te-levantes-manana.html
6ZIFMXUDNZFV3BF64ARQHQPTJE,2006-08-04T22:08:00Z,/espectaculos/2006/08/04/holograma-paranormal.html
UVVJCBQH3BGBPNUEDO7T6TFCL4,2006-08-04T23:08:00Z,/espectaculos/2006/08/04/monik-en-vivo.html
IUQL6D3FTFG3TOLA5N7V2EYXBU,2006-08-04T23:08:00Z,/espectaculos/2006/08/04/habemus-melody.html
BBU7UBGMNNATJOUDNMFERBHL7Q,2006-08-04T23:08:00Z,/espectaculos/2006/08/04/nova-soul.html
XHRXGT7EDVCAVM4JTXRR44PJQM,2006-08-05T21:08:00Z,/espectaculos/2006/08/05/10-anos-de-javiera-parra-y-los-imposibles.html
626UHHQCMBF3XD4CJEJVSMGDM4,2006-08-05T23:08:00Z,/espectaculos/2006/08/05/metatrance-en-quinto-sol.html
ZLYCEMHTHRBBPMPM6HUPOIDWIA,2006-08-05T23:08:00Z,/espectaculos/2006/08/05/teleradio-donoso-en-vivo.html
35AFX4UWH5FCBGAIU3YRHESERE,2006-08-06T12:08:00Z,/espectaculos/2006/08/06/imperdible-en-valparaiso-rotativo.html
PO7I7QZF3FGYNLRMKTQEF6ISNI,2006-08-07T16:08:00Z,/espectaculos/2006/08/07/expo-colectiva-venta-en-verde.html
VNWP6ONGBBB7ZGPK47DZDA7NVA,2006-08-07T19:08:00Z,/espectaculos/2006/08/07/lanzamiento-libro-xix.html
JCTRTVQ7ZFHVNJEJ2HAAQ5I234,2006-08-10T11:08:00Z,/espectaculos/2006/08/10/lanzamiento-oficial-13-festival-internacional-de-cine-de-valdivia.html
SEKYNJQBNZDVBHPWGGVNEGLMWU,2006-08-10T23:08:00Z,/espectaculos/2006/08/10/bobo-en-la-batuta.html
XWYAYLVZOZA3DMO2V4SAPVMFAA,2006-08-10T23:08:00Z,/espectaculos/2006/08/10/fiesta-boxing-night.html
HJXEY2RPJBAI5H7E7PZZS4K62A,2006-08-11T23:08:00Z,/espectaculos/2006/08/11/dj-caro-en-club-inferno-lista-de-invitados-aqui.html
2JM2LRBP7JHI5P2YZ6FQCWPJR4,2006-08-11T23:08:00Z,/espectaculos/2006/08/11/kinder-porno-en-epop-fest.html
3PULQZJHAJGFHPILUIOOXIYQL4,2006-08-12T22:08:00Z,/espectaculos/2006/08/12/electronica-y-acid-jazz.html
2NCR63AVUZHLTOZYCPANH2AZRE,2006-08-12T23:08:00Z,/espectaculos/2006/08/12/chc-en-el-clandestino-regalamos-una-entrada.html
N4ANP4E4JBEDDETY7OHWLSQPQI,2006-08-12T23:08:00Z,/espectaculos/2006/08/12/soultronic-session.html
F7GB7HTX2VETBGPLMH6RUV4VPY,2006-08-14T21:08:00Z,/espectaculos/2006/08/14/noche-de-divas-cumpleanos-de-madonna.html
ILJV4GJHGNGKDFKPOGNJTC7FRE,2006-08-15T18:08:00Z,/espectaculos/2006/08/15/documental-viola-chilensis-sobre-violeta-parra.html
MWES7KJ7PJHSVPP3NKMUG2DSHE,2006-08-17T19:08:00Z,/espectaculos/2006/08/17/inauguracion-muestra-de-arte-taller-el-golpe.html
XQ3ZQQS3VBH23OAP4CETNQVCTU,2006-08-17T21:08:00Z,/espectaculos/2006/08/17/compiuters-en-la-scd-de-bellavista.html
EM367DVEGNELLCLEPFHYOZINTE,2006-08-17T22:08:00Z,/espectaculos/2006/08/17/ciclo-neuronights-en-piso-33-axis-vega-paula-burgos-phillippe-metaman.html
JV4TAOXOLFBX5PCJYYWAYDL7HI,2006-08-17T23:08:00Z,/espectaculos/2006/08/17/fiesta-tutti-club-del-amor.html
GTMJAZK7ONA5DLME7BWTRWLKP4,2006-08-17T23:08:00Z,/espectaculos/2006/08/17/hoy-en-papagayos-club.html
32AGDRU7FFCOPDDDNKJA4FZ4FE,2006-08-18T19:08:00Z,/espectaculos/2006/08/18/inauguracion-expo-de-fotos-en-san-miguel.html
IHGRX2UOCZGVTG244XWYPS262Q,2006-08-18T21:08:00Z,/espectaculos/2006/08/18/ball-breaker-vs-pistolas-y-rosas-tributo-a-acdc-y-guns-and-roses.html
DK27DN7FGVCA5PE4NVDZ2F7G7I,2006-08-18T23:08:00Z,/espectaculos/2006/08/18/notre-dance-con-dante-spinetta-dj.html
GH3PVRBWNJG3DFSQXT7QV4ICDQ,2006-08-18T23:08:00Z,/espectaculos/2006/08/18/fiesta-pro-no-naci-en-manchester.html
N2A2I7OHGNECFLOLCLGRJBS6IA,2006-08-18T23:08:00Z,/espectaculos/2006/08/18/usted-no-en-concepcion.html
OFGL64WWHZD4JFOXSBNTF24VTU,2006-08-18T23:08:00Z,/espectaculos/2006/08/18/monotematicos-maraca.html
ZQQHKRPMFBGSTBTSGOMOBXP5TU,2006-08-19T19:08:00Z,/espectaculos/2006/08/19/expo-de-fotografia-en-valpo.html
KP6XFB2TPJAUTABJM5CLQBGDW4,2006-08-19T22:08:00Z,/espectaculos/2006/08/19/juana-fe-en-pub-la-barcaza.html
NPXUKG2TRRD6DH3HLGRUWMKCSI,2006-08-19T23:08:00Z,/espectaculos/2006/08/19/fiestanimal.html
5PMYODFD7VHKFN3JYUJEK7OWDM,2006-08-19T23:08:00Z,/espectaculos/2006/08/19/groove-minga.html
ECWMJDEIPZA5DNPV2YZDLEETRQ,2006-08-21T19:08:00Z,/espectaculos/2006/08/21/cine-gratis-la-sonrisa-de-mona-lisa.html
FVG23L24JBGPFFK7V3AQQVYQXI,2006-08-22T18:08:00Z,/espectaculos/2006/08/22/exhibicion-gratuita-documental-imagenes-de-una-dictadura.html
V57RJN7L6VA2PMEMN7FAZH6CAU,2006-08-24T22:08:00Z,/espectaculos/2006/08/24/ciclo-neuronights-en-piso-33-vj-light-axisvega-anish-metamann.html
OBV4GGJ5NFCOROD6W667W7FRJM,2006-08-24T22:08:00Z,/espectaculos/2006/08/24/tio-lucho-lilits-dion.html
7E3AJYNTJJEI7IGHWV5H6Z7X2E,2006-08-24T22:08:00Z,/espectaculos/2006/08/24/kamken-en-vivo.html
6TXSFZ325ZGSTLK4EFDU6YCUKI,2006-08-25T11:08:00Z,/espectaculos/2006/08/25/freestyle-party.html
JJJGCVZMXFFGNH5YR3VN4JIZKI,2006-08-25T20:08:00Z,/espectaculos/2006/08/25/5a-temporada-de-danza-contemporaneaan.html
LUFATXR4YJC2BLERJ5OEEGUCWY,2006-08-25T23:08:00Z,/espectaculos/2006/08/25/bailongo-con-paula-burgos-y-flaco-uneta.html
Z4KDI5RUJVEMXO46SNVEKVJPS4,2006-08-25T23:08:00Z,/espectaculos/2006/08/25/cosmic-house-regalamos-4-entradas-dobles.html
WSIKESWZ5BFXVEQWT2MPW6WR6I,2006-08-25T23:08:00Z,/espectaculos/2006/08/25/vnv-nation-en-la-blondie.html
O67VIATYWZHHLNRPKX24H3WOEQ,2006-08-25T23:08:00Z,/espectaculos/2006/08/25/supergroove-en-ex-sarita-colonia.html
5OFISJDUTBGPJDLBATDMQWEL4Y,2006-08-25T23:08:00Z,/espectaculos/2006/08/25/radio-horizonte-presenta-en-vivo-a-bitman-y-roban.html
FZCDOOGHDJCYBPBYPFW7YS4GPA,2006-08-26T18:08:00Z,/espectaculos/2006/08/26/expo-quebrada-humeda-en-valparaiso.html
CDHDMWNRQFHL5CYDQHOPODLPSE,2006-08-26T21:08:00Z,/espectaculos/2006/08/26/gustavo-cerati-en-chile.html
ZUPRHHBINZDWPM6NGOBIC62DYQ,2006-08-26T23:08:00Z,/espectaculos/2006/08/26/chc-yaia-en-vivo.html
BMHXUPYTIRDDVNX26IX36LGKR4,2006-08-26T23:08:00Z,/espectaculos/2006/08/26/fiesta-trance-de-la-luna-llena.html
L25AJK3LEZAVVHY6UFZPMVWVLQ,2006-08-26T23:08:00Z,/espectaculos/2006/08/26/fiesta-acuario-3.html
YTIODWRZXZHJXLSSGB5U5CIVWY,2006-08-27T19:08:00Z,/espectaculos/2006/08/27/fear-factory-en-chile.html
HQMF5BJ5Y5CHLH7UMHG6QDN5RU,2006-08-28T15:08:00Z,/espectaculos/2006/08/28/plan-zeta.html
R64HJYIWGFG6XDYRF7YGSBSCCE,2006-08-30T23:08:00Z,/espectaculos/2006/08/30/fiesta-revista-demolicion.html
HCEWY5R5FVFVVHCZH3TKDWCTTQ,2006-08-31T21:08:00Z,/espectaculos/2006/08/31/lanzamiento-del-segundo-disco-de-mostro.html
34Y6MXNPPJFZFPTHQ5YMBEFDAA,2006-08-31T22:08:00Z,/espectaculos/2006/08/31/yeti-en-vivo.html
BOI7OOR3SBFZPHXMYW4LQXDFUM,2006-08-31T22:08:00Z,/espectaculos/2006/08/31/rumba-colombiana-en-la-maestra-vida.html
UYB45V2VBJG3PMR6KRLBOIWPTA,2006-09-01T19:09:00Z,/espectaculos/2006/09/01/taller-casa-roja-invita-a-la-inauguracion-de-su-primera-expo-colectiva.html
AS5ZZ3NTGJDJXOK7WMEQ37WQCQ,2006-09-01T20:09:00Z,/espectaculos/2006/09/01/compania-monumento.html
YEXKW2ODKRASPBVO3GDSUPFAK4,2006-09-01T20:09:00Z,/espectaculos/2006/09/01/festival-de-cine-de-montana-banff.html
HPZJ2GNK75EEJBJ2M3ZCRJ4XB4,2006-09-01T23:09:00Z,/espectaculos/2006/09/01/fiesta-en-la-media-luna-de-lo-barnechea.html
A2RRYVCHLRHBXLS6NOK4T6NKSI,2006-09-01T23:09:00Z,/espectaculos/2006/09/01/fiesta-cine-arte-alameda.html
AHENT62M4RDN7P3CZCSCKL5J24,2006-09-01T23:09:00Z,/espectaculos/2006/09/01/sweet-sexy.html
JRIXVSJMQZCQRDSIB4OPOSBPM4,2006-09-01T23:09:00Z,/espectaculos/2006/09/01/ud-no-en-el-onaciu.html
KSNLKWL7HZHF5PLDCQ2MSVVG6A,2006-09-01T23:09:00Z,/espectaculos/2006/09/01/dj-peter-bailey-en-chile.html
LURQW3R5WZGMRLSKM5APB6VG4U,2006-09-02T20:09:00Z,/espectaculos/2006/09/02/marky-ramone-en-chile-2.html
4MA3K6RCMVEFLH2SDLMADHOEE4,2006-09-02T20:09:00Z,/espectaculos/2006/09/02/ron-kenoly-en-chile.html
2YH62U73ZFA4TDQWZSAFR2UI6M,2006-09-02T23:09:00Z,/espectaculos/2006/09/02/fiesta-despedida-pro-fondos-documental-caucaso.html
7V6QBIRULZB4PHN6HYPFCPX3TI,2006-09-02T23:09:00Z,/espectaculos/2006/09/02/andtrance-en-cafe-journal-2-0-vina.html
QDB5WBA2KFHSLGRQ3PLM75WWZM,2006-09-03T17:09:00Z,/espectaculos/2006/09/03/vi-festival-de-dramaturgia-europea.html
CSBVORDUTVEA3IR4R52SOVJGOU,2006-09-04T22:09:03Z,/espectaculos/2006/09/04/la-esquina-de-carlos-gardel.html
FXBWCAVRLVC3DOMNJWUF4L56SU,2006-09-05T18:09:00Z,/espectaculos/2006/09/05/documental-modos-de-muerte.html
PGVJPSCCQZCNVLFJLFLX2CGP2M,2006-09-06T18:09:00Z,/espectaculos/2006/09/06/arte-en-cafe-al-toque.html
U4AXEFGV3FHKLHIAAGP777LI3Q,2006-09-06T23:09:00Z,/espectaculos/2006/09/06/fiesta-y-musica-en-vivo-en-arte-alameda-a-la-luz-resistant-compiuters-matias-reyes.html
MYFORRILYVDHHKHOTFFZN7STKY,2006-09-07T23:09:00Z,/espectaculos/2006/09/07/lanzamiento-mundial-de-las-danas.html
HMTYFFUNCVGKHF4BMH3FZIN5HI,2006-09-07T23:09:00Z,/espectaculos/2006/09/07/fiesta-aniversario-de-indie-cl.html
6M546ZUS75GX7AXM5J57HYLDDQ,2006-09-08T10:09:00Z,/espectaculos/2006/09/08/seamos-modernos-seamos-justos.html
ZTSSPL22ZFHHJDBU4COYB5CDYM,2006-09-08T12:09:00Z,/espectaculos/2006/09/08/expo-50-anos-taller-99.html
RMISGYOZVRHVRNF3D6XTHEWEFM,2006-09-08T21:09:00Z,/espectaculos/2006/09/08/alexandre-pires-en-chile-suspendido.html
RJVMHDI5YNCBDBN5C7JXICJVHQ,2006-09-08T21:09:00Z,/espectaculos/2006/09/08/la-esquina-de-carlos-gardel-2.html
MRISSPZSIFC2ZE6ZQQ2H4AOCG4,2006-09-08T23:09:00Z,/espectaculos/2006/09/08/fiesta-vinilo.html
JWICV2D7SVBN7AGYIQRCYVFA7Q,2006-09-08T23:09:00Z,/espectaculos/2006/09/08/casanova-en-vivo-dj-soledad-argentina.html
TWLL45LTGRH5FJLSJYKWKN7X5A,2006-09-08T23:09:00Z,/espectaculos/2006/09/08/ferry-corsten-en-vivo.html
VNP4WC3XURG4JPSGTXEVBVSKDU,2006-09-08T23:09:00Z,/espectaculos/2006/09/08/fiesta-soundtrack-regalamos-5-entradas-a-los-que-nombren-la-mejor-banda-ondera-para-la-fiesta.html
DCPDA2MXHZD2JCIKH4SSTJ4WKE,2006-09-08T23:09:00Z,/espectaculos/2006/09/08/chc-en-vivo-regalamos-una-entrada-doble.html
NY5XWSBJTNBOVG4J2QLBLS666Y,2006-09-08T23:09:00Z,/espectaculos/2006/09/08/la-nuit-femme-anita-tijoux-nea-paula-burgos.html
2ETG7OK35JBOLPTPFF4E3DCJ4A,2006-09-08T23:09:00Z,/espectaculos/2006/09/08/tsunamis-compiuters-fiesta.html
RIQFITRTBRB3LJKO7DZR3PG6OM,2006-09-09T19:09:00Z,/espectaculos/2006/09/09/primer-festival-usach-en-defensa-de-la-educacion-publica.html
GWIYQIKFOBDB3LO463XMD5TN44,2006-09-09T21:09:00Z,/espectaculos/2006/09/09/slayer-en-chile.html
SMOP63LD7VD5FLS6ZVGJPBZMXA,2006-09-09T22:09:00Z,/espectaculos/2006/09/09/fiesta-fiesta-2.html
PQUFPIQQJBFYTERFVTXR2HDY74,2006-09-09T23:09:00Z,/espectaculos/2006/09/09/peter-hook-the-party.html
DDCAO5S7IBBDNFJAODQT5TFFLQ,2006-09-09T23:09:00Z,/espectaculos/2006/09/09/aluzinati-nu-jazz-funk-en-vivo-cumple-de-acidjazz-cl.html
GFUCV2CHFFBEFMYQUZA6X2SUZ4,2006-09-09T23:09:00Z,/espectaculos/2006/09/09/dttu-colectivo-etereo-en-vivo-fiesta.html
XRSPOHY4CRCC5LPKTCYNUEVVHU,2006-09-10T14:09:00Z,/espectaculos/2006/09/10/indoor-rave-gratis-en-piso-33.html
45BWB7S345AZVFVC72OK6UQYNA,2006-09-10T17:09:00Z,/espectaculos/2006/09/10/gira-de-alai-en-chile.html
DSPBZW6EPBAU5DAWCX53GDOPB4,2006-09-10T19:09:00Z,/espectaculos/2006/09/10/maleza-en-el-mnba.html
B24KKUSX6BF4VFKLW72G7HE4JI,2006-09-11T16:09:00Z,/espectaculos/2006/09/11/ciclo-de-cine-social-frances.html
72ZPQRCEFVD7NBX4LXUBHCPQWM,2006-09-11T19:09:00Z,/espectaculos/2006/09/11/cine-gratis-heroes-por-azar.html
7XRBW4JMUNFBXAK5FQL6YAYFVM,2006-09-12T11:09:00Z,/espectaculos/2006/09/12/herve-fischer-en-chile-ultima-semana.html
EXM4ZJRY35BMZCALHVISQSNQXE,2006-09-12T19:09:00Z,/espectaculos/2006/09/12/inauguracion-y-premiacion-concurso-artistas-siglo-xxi.html
PONGLFZSYZEUTBTRI763GWA3NU,2006-09-13T11:09:00Z,/espectaculos/2006/09/13/expo-soledad-salame.html
LVJJC3RQ6ZGRDBHEXJ42FA7IVU,2006-09-13T16:09:00Z,/espectaculos/2006/09/13/ciclo-de-cine-social-frances-2.html
2QKAY6UKRFBWXFXVBQEBGECOYY,2006-09-14T11:09:00Z,/espectaculos/2006/09/14/obras-publicas-de-nicanor-parra.html
BKYKRGMMGJFSDGTUJOFIY7VZBI,2006-09-14T22:09:00Z,/espectaculos/2006/09/14/fiesta-pre-18.html
ZRJQV23ATBAUPJPO6UIZOYK3HA,2006-09-15T19:09:00Z,/espectaculos/2006/09/15/the-ataris-en-chile.html
Y3IXJFKYZNDN5NDQAPKGX626DM,2006-09-15T23:09:00Z,/espectaculos/2006/09/15/fonda-pirata-a-la-luz-resistant-adrian-igual-milton3000.html
ENRG4TN3KNHKDBBVKKLU4E25AA,2006-09-15T23:09:00Z,/espectaculos/2006/09/15/viva-chile-fiesta-electronica-con-cueca.html
MXF6BZDKLRAXNCK5BOAPFKHA7U,2006-09-15T23:09:00Z,/espectaculos/2006/09/15/siddharta-en-piso-33.html
GXP5INHCS5HQ5IMILHXDRT47PY,2006-09-16T18:09:00Z,/espectaculos/2006/09/16/el-rey-de-los-huevones.html
TXMIDUL7BVFQLIKIFQN7CMPWSY,2006-09-16T20:09:00Z,/espectaculos/2006/09/16/te-amo-y-te-odiopor-completo.html
NCBLEMILSRAQNPM5D4UI2UKNNI,2006-09-16T22:09:00Z,/espectaculos/2006/09/16/fonda-electro-glam.html
A57TSFHJI5H5JME3TFLCEZB76Y,2006-09-16T22:09:00Z,/espectaculos/2006/09/16/fonda-rockera-grandes-valores.html
3C4S2XP4F5DBPLZI4XOPVPEFBU,2006-09-17T22:09:00Z,/espectaculos/2006/09/17/fonda-old-school-en-el-litoral.html
LPHAPT5VBFC67IVCZQXGIPUG54,2006-09-18T04:09:00Z,/espectaculos/2006/09/18/after-en-maitencillo.html
ABBRQMLBPVEH5F7HDIJZ7CZ4UA,2006-09-18T19:09:00Z,/espectaculos/2006/09/18/la-yein-fonda-2006.html
6EW2VGOIPNBMJN6Z73WK5SKBYU,2006-09-20T16:09:00Z,/espectaculos/2006/09/20/manuel-torres-obra-vacante.html
VKESGB4WZBFZTCPEMNTVITCQFM,2006-09-22T10:09:00Z,/espectaculos/2006/09/22/quintaesencia.html
H4AGEWV6LZAVFPJO33DFEM6VRQ,2006-09-22T21:09:00Z,/espectaculos/2006/09/22/frank-gamble-the-chilean-project.html
D5QUCQ2CKZCC7KLWBVKDFG2W4E,2006-09-22T21:09:00Z,/espectaculos/2006/09/22/reincidentes.html
SXRMR37QOBGZ5FJ47FOC27NWAA,2006-09-22T23:09:00Z,/espectaculos/2006/09/22/notre-dance-en-ex-oz.html
M3A73WALY5DIPEEYYOKEAYTJCA,2006-09-22T23:09:00Z,/espectaculos/2006/09/22/ladies-connection.html
XRYL6V6BRRB57AQ4P7CIIZ6J2Y,2006-09-22T23:09:00Z,/espectaculos/2006/09/22/fiesta-rock-synthpop.html
5XL7JAODJZCTPN76KYMOLIOJKA,2006-09-22T23:09:00Z,/espectaculos/2006/09/22/fiesta-melody-regalamos-5-entradas-dobles.html
G2A3DSEZANHRDP56A3AEZPKKFM,2006-09-23T22:09:00Z,/espectaculos/2006/09/23/noche-de-tocatas-y-fiesta-ultimo-show-de-televisa-con-ese-nombre.html
SM5AKVFA3FDRJLOAJ75QACLWBE,2006-09-23T23:09:00Z,/espectaculos/2006/09/23/conjunto-vacio-en-el-onaciu.html
IDFJA4NBA5CBLLPIRARP5XG3SI,2006-09-23T23:09:00Z,/espectaculos/2006/09/23/cuarto-de-trebol-en-vivo-ganador-festival-alcantara-2005-fiesta-reggae.html
YBV4MZFJZRBKZKHPS4WVARLGZ4,2006-09-24T11:09:00Z,/espectaculos/2006/09/24/maqueira-y-mir-fusion-de-diseno-y-color.html
VXRMO6BOCNA27OIGAK5CU32OMU,2006-09-24T20:09:00Z,/espectaculos/2006/09/24/noche-de-silvio.html
7CSAHTVRRBGCZJCFBOTK4SLTTM,2006-09-25T19:09:00Z,/espectaculos/2006/09/25/cine-gratis-en-providencia-2.html
EHSNJHMK2NAGZGTSCGJTNWIT2Y,2006-09-26T11:09:00Z,/espectaculos/2006/09/26/lo-mejor-del-diseno-grafico-chino.html
SXMUXSEKJJFWZGQOKKTVQJOLMI,2006-09-27T11:09:00Z,/espectaculos/2006/09/27/tarnation-los-ganadores-son.html
F2FVSGVHG5DETBUD3LAIONPAGM,2006-09-27T11:09:00Z,/espectaculos/2006/09/27/inauguracion-nueva-biblioteca-en-mall-plaza-oeste.html
XZSMZVEI75DEBIIEHJAMYZS6QY,2006-09-27T12:09:00Z,/espectaculos/2006/09/27/blog-egreso-teatro-uc.html
M4TUXPHMFJHBTI7ZHN5XVOSBCM,2006-09-27T19:09:00Z,/espectaculos/2006/09/27/vision-divine-en-chile.html
3DA52V2SKFHUNI5I3D5BUMG3WU,2006-09-28T11:09:00Z,/espectaculos/2006/09/28/dance-floor-party.html
7DGMXC4NUNEURK56ROBKN55KLE,2006-09-28T11:09:00Z,/espectaculos/2006/09/28/des-cubriendo-mascaras.html
TP66EUTNO5FVZJDGOAYSV2CUV4,2006-09-28T16:09:00Z,/espectaculos/2006/09/28/volver-de-pedro-almodovar.html
65LLSGTPEBG3NPJYALO4RMLZTU,2006-09-28T19:09:00Z,/espectaculos/2006/09/28/ultima-semana-expo-sintoma-del-lenguaje.html
EGCDYOMQBBGSTIMDYFX466EBTA,2006-09-28T19:09:00Z,/espectaculos/2006/09/28/inauguracion-expo-del-dicho-al-hecho.html
WUMAVODJBNCKTE5PAUKBZYQVNA,2006-09-28T21:09:00Z,/espectaculos/2006/09/28/vuelve-the-skatalites-a-chile.html
TNO7JIWFFBBRBPFVJULNRN6KCQ,2006-09-28T23:09:00Z,/espectaculos/2006/09/28/fiesta-en-el-subterraneo-regalamos-una-entrada-doble.html
KGOKKBFMGZH6ZD5CFHGHNBTRT4,2006-09-29T10:09:00Z,/espectaculos/2006/09/29/soledad-salame-aguas-vivas.html
PMBE4UA5IVCIJMPQ2HRMCT5URY,2006-09-29T18:09:00Z,/espectaculos/2006/09/29/museos-de-medianoche-2.html
Q46TGBGP5JFVPEKDNKG6IAAKKQ,2006-09-29T23:09:00Z,/espectaculos/2006/09/29/av-brasil-por-una-buena-causa.html
IR22C4KUEJATXAL3DCJV725PCA,2006-09-29T23:09:00Z,/espectaculos/2006/09/29/nicole-se-despide-con-fiesta-en-santiago-club.html
J7G657QXXJBY5MUH2DJ25SVBJ4,2006-09-29T23:09:00Z,/espectaculos/2006/09/29/chc-y-gran-fiesta-en-la-melody.html
IWWKHB3ALJHMTAOCZH3JZYJW4U,2006-09-29T23:09:00Z,/espectaculos/2006/09/29/fiesta-en-el-helipuerto.html
Z2HGHWGSAZCB5HOKOOXKEJ3SQU,2006-09-30T10:09:00Z,/espectaculos/2006/09/30/primaventa-5.html
MOTYNMHIJ5FPZML6ORF5GR62A4,2006-09-30T10:09:00Z,/espectaculos/2006/09/30/cabezas-y-cabezotas-de-hugo-marin.html
MJDIHIXFI5FAVJT5BLDXBCTD6Y,2006-09-30T19:09:00Z,/espectaculos/2006/09/30/sonando-a-coppelia.html
CBXL4VRQMFGKLLZZBHXQH4PMK4,2006-09-30T22:09:00Z,/espectaculos/2006/09/30/old-wave-80s-especial-de-primavera.html
CHG5DF7D4BAMXPZR6QVU3NSHVI,2006-09-30T22:09:00Z,/espectaculos/2006/09/30/teatro-en-iquique-a-beneficencia.html
G63VYCQ4FVGAFBGUGIBKN3ULWE,2006-09-30T23:09:00Z,/espectaculos/2006/09/30/dj-robin-levick.html
CN6OMZJNDRH6RLDAIUQ2JSCKNQ,2006-09-30T23:09:00Z,/espectaculos/2006/09/30/dirty-dancing-en-quillota.html
36SJH4JT4FH2NNOHCK2XPOPWW4,2006-09-30T23:09:00Z,/espectaculos/2006/09/30/fiesta-acuario-en-el-nautilus-regalamos-3-entradas-dobles.html
6U5XVSGQQRCWVBZASPZE6BDYH4,2006-09-30T23:09:00Z,/espectaculos/2006/09/30/blackmoon-session.html
G3CLEWNH35DHRFKN6JCNPXX2SM,2006-10-01T09:10:00Z,/espectaculos/2006/10/01/feria-y-encuentro-de-motos-clasicas.html
NXFOZWJJNNFLFO6ICDTBVRKWT4,2006-10-01T09:10:00Z,/espectaculos/2006/10/01/corrida-new-balance.html
YIAWAZXT4VAU3GHDKXVT7V3H64,2006-10-01T19:10:00Z,/espectaculos/2006/10/01/luna-in-caelo-en-vivo.html
GESDVU3XSZFABC5Y35Y4XMT5D4,2006-10-02T11:10:00Z,/espectaculos/2006/10/02/comics-para-las-masas.html
RS4M5AVFQFGRHPPHGNFYCNAVZE,2006-10-02T19:10:00Z,/espectaculos/2006/10/02/the-apartment-una-exposicion-de-nico-y-katiushka.html
MBG6P3BLJBAFZBFDZ57BBCJRUA,2006-10-02T20:10:00Z,/espectaculos/2006/10/02/vivo-rock-imagenes-para-escuchar.html
YHSLO3P44NB57NI6RYJFPM2HDY,2006-10-03T19:10:00Z,/espectaculos/2006/10/03/concierto-clasico-gratis.html
WZFII62JYVB3VALV67R3LSI4JY,2006-10-03T21:10:00Z,/espectaculos/2006/10/03/cats.html
JVET37COI5DPJPF4T745PKQS2E,2006-10-03T22:10:00Z,/espectaculos/2006/10/03/the-winners.html
4C6QLCLC3VEPJJ45UA6AWPWHEY,2006-10-04T22:10:00Z,/espectaculos/2006/10/04/javiera-mena-4.html
UA2C4AVFM5BPPBSCEVA5JN72GM,2006-10-05T16:10:00Z,/espectaculos/2006/10/05/benjamin-lira.html
VOW7XI6EBFGJDFXUNMZPRW7PBQ,2006-10-05T19:10:00Z,/espectaculos/2006/10/05/inauguracion-expo-dias-de-campo-de-francisco-dussourd.html
QSR3QAHVJFESZBHUMEX4AYNLHA,2006-10-05T21:10:00Z,/espectaculos/2006/10/05/alvaro-prieto.html
HGWEIMTURZG2DAYIH5MBHEI4JY,2006-10-05T22:10:00Z,/espectaculos/2006/10/05/living-las-brujas.html
MG5LWVSIJZFBDDGEI23M6IRCFE,2006-10-05T23:10:00Z,/espectaculos/2006/10/05/ciclo-paralelo-en-club-carmenli-feroz-bouquet-conjunto-vacio.html
JK5YROIX4ZCE5HXGGLGTEZKWEI,2006-10-06T11:10:00Z,/espectaculos/2006/10/06/antuan-riguez.html
2SL5OUW2KFHDVL7X6NGJ7WX3FU,2006-10-06T23:10:00Z,/espectaculos/2006/10/06/astroclub-session-3.html
MGLX46LUWZDQTISZ4KLXQHVHCU,2006-10-06T23:10:00Z,/espectaculos/2006/10/06/femmepop.html
GFIDKN3CV5ARPM2UOFTAJLKLHY,2006-10-06T23:10:00Z,/espectaculos/2006/10/06/vintage-hi-tek-session-en-minga.html
QF4VQBEI3BD2NA2MQWSGSUJCSU,2006-10-06T23:10:00Z,/espectaculos/2006/10/06/inauguracion-casa-marmol-discotec-ya-hay-ganadores.html
QKYJSMQSABBDFLXQQCEKNMPCUQ,2006-10-06T23:10:00Z,/espectaculos/2006/10/06/adrian-igual-en-club-mist.html
UWYCRG27ERHPPLZEUOR6OB4GLM,2006-10-06T23:10:00Z,/espectaculos/2006/10/06/tributo-a-guns-n-roses.html
PS5MN2DID5C7HJ6YM4IB6DAYBY,2006-10-06T23:10:00Z,/espectaculos/2006/10/06/downtown-sessions-en-en-piso-33.html
JBZ4YHRLRZEH5G6LOPXTMDQK6M,2006-10-07T19:10:00Z,/espectaculos/2006/10/07/romeo-y-julieta.html
O6EBF6MK25HXNAPS232BJE64TE,2006-10-07T23:10:00Z,/espectaculos/2006/10/07/alauzinati-en-vivo-celebra-mil-voces-gladys.html
GYS4622PYFH6LJ2WXHMHQW2LLU,2006-10-07T23:10:00Z,/espectaculos/2006/10/07/akineton-retard-en-el-onaciu.html
SHZAQP7EWBCA3OTX5HSJVLBCPA,2006-10-07T23:10:00Z,/espectaculos/2006/10/07/gran-noche-del-hip-hop.html
TKGXQHBZ5FEF5KPSSX4J6LL2EU,2006-10-08T19:10:00Z,/espectaculos/2006/10/08/nofx-en-chile.html
KG3DTHXCAFFG7E5Q4JPBH4AUYM,2006-10-08T22:10:00Z,/espectaculos/2006/10/08/the-cindy-sisters.html
34S35LZTLREFDJO6BXIHEDD6E4,2006-10-08T23:10:00Z,/espectaculos/2006/10/08/club-33-presenta-underground.html
73DTRZ3KNVD6LGSEWWQYVWH6I4,2006-10-09T07:10:00Z,/espectaculos/2006/10/09/sebastian-silva-for-sale.html
NAPA6BGZ7FCFJC577U7NV6HVFE,2006-10-09T22:10:44Z,/espectaculos/2006/10/09/galeria-sue-2006.html
EPJGRSNSFNBEVAGEHTEXHCVJZY,2006-10-10T20:10:00Z,/espectaculos/2006/10/10/anathema-en-chile.html
PR5OUCBR5ZBBNLLOZ2HGN4G7YY,2006-10-10T20:10:00Z,/espectaculos/2006/10/10/la-cruzada-de-los-ninos.html
3MOUHLNGMZFRXB2IBJTG4QCQKI,2006-10-10T21:10:00Z,/espectaculos/2006/10/10/robbie-williams-en-chile.html
L4SXQQTZRZGKZDZRIQ6YOF5WUI,2006-10-11T11:10:00Z,/espectaculos/2006/10/11/verde-oscuro-ganadores-ultimo-fin-de-semana.html
TORRCZBNLJBE7AB7OB5YPSN6FE,2006-10-11T18:10:00Z,/espectaculos/2006/10/11/manuela-viera-gallo-en-web.html
ZZNKP3L2GBH77CSCZWDV5YISG4,2006-10-12T18:10:00Z,/espectaculos/2006/10/12/la-verbena-de-la-paloma.html
O2WAIWKE3FDDBNHZPOLNNVKXWU,2006-10-12T20:10:00Z,/espectaculos/2006/10/12/trova-y-poesia-en-bellavista.html
WYVB2ZHGVVECNBTYY4SMVB6CLY,2006-10-12T22:10:00Z,/espectaculos/2006/10/12/tributo-a-van-halen-con-wolfgang.html
RXRLLG3HUBDR5P3HR7ZE5NHYVM,2006-10-12T23:10:00Z,/espectaculos/2006/10/12/ciclo-paralelo-en-el-carmenli-hoy-la-cuchufleta-punk-conjunto-vacio.html
MHGFQ7YLVJHXLD3ONULWULD3UU,2006-10-12T23:10:00Z,/espectaculos/2006/10/12/fiesta-en-el-subterraneo-3.html
TWGZUFHE4FBSFH7HQVX4GK5QPA,2006-10-13T20:10:00Z,/espectaculos/2006/10/13/the-devil-wears-prada.html
CXNRN6L4KRELJGWGAYBFYZCE2M,2006-10-13T21:10:00Z,/espectaculos/2006/10/13/ciclo-de-bandas-neurotyka-2999.html
BOBOYHRRURB55K3WRAL74III5E,2006-10-13T22:10:00Z,/espectaculos/2006/10/13/california-sessions-dj-taylor-en-chile-ya-hay-ganadores.html
YDXSVB7BHREXPE4HDPAZ4XKO2Q,2006-10-13T23:10:00Z,/espectaculos/2006/10/13/viernes-13-maldito-lilits-fiesta.html
GA5US2Q2IBH6RPILVD4F7FGTSQ,2006-10-13T23:10:00Z,/espectaculos/2006/10/13/a-puro-cabaret.html
5DPEWIZCLFDMJIJZ7F7YQ2YEIM,2006-10-13T23:10:00Z,/espectaculos/2006/10/13/fiestaerobica-teleradio-donoso-compiuters-fiesta.html
NDW2GNJSJVALNODDQORXHOQVPA,2006-10-13T23:10:00Z,/espectaculos/2006/10/13/fiesta-sala-201-concurso-regalamos-10-entradas.html
QWNYVSLXURFY3D3V64H2QP3OVA,2006-10-13T23:10:00Z,/espectaculos/2006/10/13/hypnotic-night-gms-en-teatro-caupolican.html
PUHJLT7N3VGBNGUNQVSZKKRRYA,2006-10-13T23:10:00Z,/espectaculos/2006/10/13/banda-ancha-en-vivo-2.html
BTUYI3YSDNAC5AFXBPHQ6QKILE,2006-10-13T23:10:00Z,/espectaculos/2006/10/13/lets-dance-v-2-0-guiso-la-puta-marlon-leo-quinteros-fiesta.html
2XIBWF4N5RARRG6I5OFLUFEOWI,2006-10-13T23:10:00Z,/espectaculos/2006/10/13/garbo-capri-alejandro-vivanco-en-ex-oz.html
NPNGLDMV4ZDXVG2AKCJ4AU4OSE,2006-10-14T21:10:00Z,/espectaculos/2006/10/14/invierno-en-la-scd-de-plaza-vespucio.html
DBJSUDBSTVEAXLD5EXDD2BEJGE,2006-10-14T21:10:00Z,/espectaculos/2006/10/14/festival-alcantara-2006.html
DXWX43FFCZBJDJ7OER5LK6T2EE,2006-10-14T22:10:00Z,/espectaculos/2006/10/14/club-la-feria-celebra-10-anos.html
PPSTTY23LVD23IFPWOGQNOB6RY,2006-10-14T23:10:00Z,/espectaculos/2006/10/14/andtrance-4-0-en-cafe-journal-de-vina.html
63LGB2ZNJJEDROFLDP5FNCXQ34,2006-10-14T23:10:00Z,/espectaculos/2006/10/14/fiesta-pro-fondos-egreso-teatro-uc.html
4HOFGT3NIFBPJKPVGOC4JJ66SI,2006-10-14T23:10:00Z,/espectaculos/2006/10/14/computer-rock-en-minga.html
TUDFJY536ZBMRGEKGBBDRGOWG4,2006-10-14T23:10:00Z,/espectaculos/2006/10/14/old-school-en-el-circulo-espanol.html
AC7OQZGCLJBUTMR2FJ2ME2X2YA,2006-10-14T23:10:00Z,/espectaculos/2006/10/14/fiesta-en-la-casona.html
AQOSTGX3SFHVRGJAKL5LNAQTBA,2006-10-15T09:10:00Z,/espectaculos/2006/10/15/nike-7-km.html
RNUYBLTZZFGMBNHQ2TMVIXJFDE,2006-10-15T11:10:00Z,/espectaculos/2006/10/15/gran-venta-de-arte.html
7XLI3O45UFCWZHZE5SY4AD52HU,2006-10-15T12:10:00Z,/espectaculos/2006/10/15/la-hija-del-general-llega-a-los-cines-regalamos-2-entradas-dobles.html
SG2XXSGVARARLM4VEP7KBHRZIM,2006-10-15T18:10:00Z,/espectaculos/2006/10/15/festival-4-paises-morodo-en-chile.html
AY35KUGNKBCKLILLHASDF4F6TI,2006-10-15T20:10:00Z,/espectaculos/2006/10/15/le-jardin-cirque-ultima-semana.html
VTHQ57Y7YZAXZGBNNSVV3LRK4A,2006-10-16T11:10:00Z,/espectaculos/2006/10/16/memorias-de-puente-alto.html
I4LYOCPW6JBPBLJJVP7XJ5BJAY,2006-10-17T18:10:00Z,/espectaculos/2006/10/17/documental-bienvenido-hermano-presidente-sobre-evo-morales.html
BHVGZPW5ZZG3FIVEQQBPOOQFAM,2006-10-18T10:10:00Z,/espectaculos/2006/10/18/venta-de-10-discos-del-rock-chileno.html
FN3QJBKE7VBIZBVII5TRDWIOSA,2006-10-18T16:10:00Z,/espectaculos/2006/10/18/los-edukadores.html
YIKNTV6SZ5E7BDJRFM7JUM46BQ,2006-10-18T22:10:00Z,/espectaculos/2006/10/18/fasat-alfa-suero.html
X4ZK6POKOJEA7A6C76Y47OFVIA,2006-10-19T21:10:00Z,/espectaculos/2006/10/19/claudio-narea-lanza-nuevo-disco.html
XKEJKYO3ONHLPJ765BFAIVIM34,2006-10-19T21:10:00Z,/espectaculos/2006/10/19/teleradio-donoso-en-sala-master-y-los-ganadores-son.html
HA33BOWIL5B2PI6FCXUBZU73MQ,2006-10-19T21:10:00Z,/espectaculos/2006/10/19/kevin-johansen-en-chileya-hay-ganadores.html
JXGCTCT7QJFFHPSYMQNWFZCWWY,2006-10-19T22:10:00Z,/espectaculos/2006/10/19/fiesta-aniversario-santiago-gay.html
KJVXSVWMG5DZVOMOKDATV3FJHM,2006-10-19T23:10:00Z,/espectaculos/2006/10/19/fiesta-no-naci-en-manchester-fasat-alfa-en-vivo.html
QUUKF6VNEREVDATO3D4ZJKSMOM,2006-10-20T11:10:00Z,/espectaculos/2006/10/20/nueva-galeria-bucci.html
LMVENMJDDBF6TDHQDLT7Z6RF6E,2006-10-20T19:10:00Z,/espectaculos/2006/10/20/inauguracion-muestra-artistica-en-san-miguel.html
TCYXU2GC2BB5LC2RUXC6W5T2KI,2006-10-20T21:10:00Z,/espectaculos/2006/10/20/look-and-learn-en-u-arcis.html
JV5MED23SJD4ZIKL7WZZH3NVO4,2006-10-20T21:10:00Z,/espectaculos/2006/10/20/ciclo-de-tocatas-neurotyka-2999.html
HB3PU2KYNVB5ZBEOZJGQBG5W5M,2006-10-20T21:10:00Z,/espectaculos/2006/10/20/dfempop-en-scd-plaza-vespucio.html
KNG7DYIBYNA53FAUVGESW7VDE4,2006-10-20T22:10:00Z,/espectaculos/2006/10/20/yeti-en-vivo-3.html
JZYJOTT6V5AOJMURAB7PJC6OB4,2006-10-20T23:10:00Z,/espectaculos/2006/10/20/compiuters-en-el-muelle-baron.html
ZTFLB6AABZFK3JA6GLSTBNGP4I,2006-10-20T23:10:00Z,/espectaculos/2006/10/20/gran-fiesta-disorder.html
BQ4BD5NAZRE3JJZQTHAUGUAOC4,2006-10-20T23:10:00Z,/espectaculos/2006/10/20/fiesta-melody-2.html
3BZJ6VLCPNGQJOFTEXB4L2AYKE,2006-10-21T17:10:00Z,/espectaculos/2006/10/21/ballet-blancanieves.html
ZYNJKHZYPFASBHF6RWBFO75L2Y,2006-10-21T18:10:00Z,/espectaculos/2006/10/21/ultimo-concierto-de-morodo-en-chile-mobb-deep-falsalarma-tres-coronas.html
XQTMZS5YLBCPNLDQYY7TRO3LKY,2006-10-21T20:10:00Z,/espectaculos/2006/10/21/g3-joe-satriani-john-petrucci-y-eric-johnson-en-chile.html
GCPOFOHIKZAVNJKRUYHTMPUYQY,2006-10-21T22:10:00Z,/espectaculos/2006/10/21/tio-lucho-en-el-clandestino.html
SJLPURCR2NGSJH4VZNJXXDNKSM,2006-10-21T23:10:00Z,/espectaculos/2006/10/21/sexybeats-en-club-minga.html
IPVNVTFB5VEETBHAXHYUDWH3VQ,2006-10-21T23:10:00Z,/espectaculos/2006/10/21/jiminelson-compiuters-fiesta.html
QMND5SB5ZNGENIN2IUOJPDJP6M,2006-10-21T23:10:00Z,/espectaculos/2006/10/21/yoshihiro-hanna-aka-radiq-en-el-quinto-sol.html
W4OI2HQWVZE7PDAX2HP3JDRZ5Q,2006-10-21T23:10:00Z,/espectaculos/2006/10/21/fiesta-acuario-5-acuarioanimal.html
IUFASGVPN5GV7GUTHQJ72LCVVU,2006-10-21T23:10:00Z,/espectaculos/2006/10/21/fiesta-covernation.html
BIKZOESWLVBEBANSNV4K35N34A,2006-10-22T11:10:00Z,/espectaculos/2006/10/22/fiesta-barroca-en-vina-del-mar.html
6I3LCV65PZH77L5TWO2JK6TEYI,2006-10-23T21:10:00Z,/espectaculos/2006/10/23/venta-nocturna-en-feria-del-disco.html
T6VYE4YR6RHKJESNJWUDOWSLNM,2006-10-25T21:10:00Z,/espectaculos/2006/10/25/alejandro-lerner-y-nina-pastori.html
YBH7ZKQBMNCPZFUFC7IINSEIII,2006-10-25T23:10:00Z,/espectaculos/2006/10/25/kataix-en-el-subterraneo-fiesta.html
V7GOJT6SUVA5JD67Y7AJUHP6CQ,2006-10-26T10:10:00Z,/espectaculos/2006/10/26/mas-de-5-000-personas-ya-han-visitado-bienal-de-arquitectura.html
6KOQSIBYRRGMNKI4CC4UVY45AA,2006-10-26T19:10:00Z,/espectaculos/2006/10/26/callejera-version.html
Q22JKJMBGZFOLNNTGQJ3NHKK4U,2006-10-26T19:10:00Z,/espectaculos/2006/10/26/venta-taller-victor-mahana.html
UKRT75WQCJDIFORNU7H6VOMUWI,2006-10-26T19:10:00Z,/espectaculos/2006/10/26/expo-colectiva-unica-oportunidad.html
PP7ZNG37IBFNBCVXOFGWMW5O5Y,2006-10-27T05:10:00Z,/espectaculos/2006/10/27/hypnotic-festival-mejor-dia-trance-del-ano-regalamos-3-entradas-dobles.html
B5WITZ7NT5ANHPKEV56D4RUYUA,2006-10-27T06:10:00Z,/espectaculos/2006/10/27/sue-2006-daft-punk-y-beastie-boys-en-chile-regalamos-varias-entradas.html
LXRA2JAL25BYRFUIAG7IEIUYJE,2006-10-27T06:10:00Z,/espectaculos/2006/10/27/creamfields-chile-2006-regalamos-2-entradas-dobles.html
IUGRQ6BVCVDQRBGQCMU2UCOTVU,2006-10-27T21:10:00Z,/espectaculos/2006/10/27/ciclo-de-tocatas-neurotyka-2999-2.html
NLE6LCOQSRHGDKAY7MXESTVGUM,2006-10-27T23:10:00Z,/espectaculos/2006/10/27/lasalvia-y-sanfuentes-en-el-ex-sarita-colonia.html
3YQG57MUPNCGNEWDN63G34CEFY,2006-10-28T15:10:00Z,/espectaculos/2006/10/28/freakshow-horror-halloween.html
T22EX62MW5H3ZOXUL2RMQRWVXA,2006-10-28T21:10:00Z,/espectaculos/2006/10/28/miguel-mateos-y-virus.html
RPMRPW7PIRBNPLSFNYMDGFQ4YY,2006-10-28T21:10:00Z,/espectaculos/2006/10/28/padre-nuestro.html
XBAZKJ5B45D3PPRDP5JS7QMOX4,2006-10-28T21:10:00Z,/espectaculos/2006/10/28/dj-mendez-sol-y-lluvia-en-valparaiso.html
E6RPIVPLSVD7FIHARHDXELCP5A,2006-10-28T21:10:00Z,/espectaculos/2006/10/28/cumpleanos-del-bar-14.html
UF7NRO5HHNG4NFJEG7KNMYDYGE,2006-10-28T22:10:00Z,/espectaculos/2006/10/28/dance-guitars-party-1.html
POQETVKEFNDINMIKAERZ25H5RI,2006-10-28T22:10:00Z,/espectaculos/2006/10/28/luna-in-caelo-valentina.html
4HDTNTIWUZCUHL3U6MGGR2M6SE,2006-10-28T23:10:00Z,/espectaculos/2006/10/28/gran-fiesta-sonidos-compartidos-en-el-club-arabe-de-vina.html
HBJCQIENDZC7PILITTKLUJFEDA,2006-10-28T23:10:00Z,/espectaculos/2006/10/28/fiesta-liquid-16.html
PZDKTQYBLNDBRM5IGLORAEARWU,2006-10-28T23:10:00Z,/espectaculos/2006/10/28/world-domination-project-1.html
UG6R7Q5CIVB4TKSJLWDYQSGUEU,2006-10-29T09:10:00Z,/espectaculos/2006/10/29/gran-corrida-dominguera-new-balance.html
MP2WT2TXT5DD7IMYUCOTM7T6UI,2006-10-29T19:10:00Z,/espectaculos/2006/10/29/domingo-de-reggae-y-fiesta-en-el-jammin.html
32VLNB3AO5BDNOSZ7MDDZJU5ZM,2006-10-29T19:10:00Z,/espectaculos/2006/10/29/kepa-junkera-en-teatro-oriente.html
ZSESE4APBJFG5IHFW6I7AIXEDU,2006-10-29T19:10:00Z,/espectaculos/2006/10/29/clownstro-2006.html
3USWDGGYJVEDRIWOOQA5K4B2JM,2006-10-29T19:10:00Z,/espectaculos/2006/10/29/armando-manzanero-en-casa-piedra.html
332GI43Y7FDZFPAJTAYQ3OY744,2006-10-29T20:10:00Z,/espectaculos/2006/10/29/rakim-ken-y-en-chile.html
N5BWO4OODFEZBAXHIKGZN66YCA,2006-10-30T18:10:36Z,/espectaculos/2006/10/30/halloween-long-party-2006.html
CEJ3MO6OWZESLIV5CT7DEHTNVQ,2006-10-30T19:10:00Z,/espectaculos/2006/10/30/inauguracion-muestra-fotografica-al-acecho-de-max-donoso.html
K7D4J6N6UVAVLFB5YXSKWCT6QI,2006-10-31T18:10:00Z,/espectaculos/2006/10/31/oktoberfest-en-chile.html
KWGUION5GVDIZFUKRLPUYLQSNY,2006-10-31T19:10:00Z,/espectaculos/2006/10/31/jovenes-talentos-rusos-en-concierto-gratis.html
R37MUCPZ3FCLNMHN2YCV7RH2OQ,2006-10-31T20:10:00Z,/espectaculos/2006/10/31/vuelve-el-ultimo-ke-zierre-a-chile.html
AQRAOODGHJFTZEVICK5E5AYAPI,2006-10-31T21:10:00Z,/espectaculos/2006/10/31/noche-de-divas-brujas.html
A46IE7EVVREATDFBQ7VHHXVD4M,2006-10-31T22:10:00Z,/espectaculos/2006/10/31/fiesta-de-miedo.html
RALUOSQV7BGY3OI5R7YWB7ARTM,2006-10-31T22:10:00Z,/espectaculos/2006/10/31/halloween-long-party-2006-2.html
RYPT2OTAHZFVLGCJJYHGIU3JVA,2006-10-31T23:10:00Z,/espectaculos/2006/10/31/noche-de-brujas-oh-my-god.html
OU4XIXLWJBG5ZNU24KLU6CNKOY,2006-10-31T23:10:00Z,/espectaculos/2006/10/31/nuevo-mythos-lounge.html
IVRDZMVVYJHZZCNIEBHGUDOFJY,2006-10-31T23:10:00Z,/espectaculos/2006/10/31/open-blondie.html
XTR2GD5OVBAKRPQYGZXDSBWQS4,2006-10-31T23:10:00Z,/espectaculos/2006/10/31/club-party-monster-ft-halloween.html
WFTNUH3ZKNGSZIWABUJVVTBD5E,2006-10-31T23:10:00Z,/espectaculos/2006/10/31/fiesta-de-disfraces-y-mascaras.html
VH34PTTPGNDCRHRPZKYURFWH6Y,2006-10-31T23:10:00Z,/espectaculos/2006/10/31/budweiser-halloween-night.html
B62FDZ27XNE6ZJDF26EBT5335A,2006-10-31T23:10:00Z,/espectaculos/2006/10/31/colectivo-luminico-celebra-halloween.html
XNBWPOPNURAJLAGYKRF3XALRWM,2006-11-01T11:11:00Z,/espectaculos/2006/11/01/emi-lanza-disco-de-the-beatles-con-cirque-du-soleil.html
2GAJMQ2CCFEAPHSVHEGKJ3BGXY,2006-11-01T11:11:00Z,/espectaculos/2006/11/01/sophie-scholl-la-rosa-blanca-los-ganadores-de-1-entrada-doble-son.html
K7VTREX6VRBGTARNX2GX37P55Q,2006-11-02T19:11:00Z,/espectaculos/2006/11/02/teatro-gratis-melodrama.html
JCD5UIQYPZCSDMVLSKDLMFF7FE,2006-11-02T20:11:00Z,/espectaculos/2006/11/02/sue-dia-1-daft-punk-dj-shadow-y-marciano-los-ganadores-son.html
TU5AJ3XR6VF3LO35JO2SIOUP7I,2006-11-02T23:11:00Z,/espectaculos/2006/11/02/fiesta-en-el-subterraneo-4.html
4I33B5TRQVBVTKCMVL6ZNXMWB4,2006-11-03T17:11:00Z,/espectaculos/2006/11/03/hypnotic-festival-mejor-dia-trance-del-ano-ya-hay-ganadores.html
